BirdID,FinalSB,SB_ROC,BodyMass,Stage,EP,Tissue,SiteEuth,DNAm,TLR4_RQ_proximal_intestine,TLR4_RQ_medial_intestine,TLR4_RQ_distal_intestine,TLR4_RQ_cecum
3138,2.47835,NA,21.2,Female,high,liver,CG01,1,3.010493495,3.850377772,4.9588308,3.041957506
3138,2.47835,NA,21.2,Female,high,liver,CG02,1,3.010493495,3.850377772,4.9588308,3.041957506
3138,2.47835,NA,21.2,Female,high,liver,CG03,1,3.010493495,3.850377772,4.9588308,3.041957506
3138,2.47835,NA,21.2,Female,high,liver,CG04,0,3.010493495,3.850377772,4.9588308,3.041957506
3138,2.47835,NA,21.2,Female,high,liver,CG05,0,3.010493495,3.850377772,4.9588308,3.041957506
3138,2.47835,NA,21.2,Female,high,blood,CG01,1,3.010493495,3.850377772,4.9588308,3.041957506
3138,2.47835,NA,21.2,Female,high,blood,CG02,1,3.010493495,3.850377772,4.9588308,3.041957506
3138,2.47835,NA,21.2,Female,high,blood,CG03,1,3.010493495,3.850377772,4.9588308,3.041957506
3138,2.47835,NA,21.2,Female,high,blood,CG04,0,3.010493495,3.850377772,4.9588308,3.041957506
3138,2.47835,NA,21.2,Female,high,blood,CG05,0,3.010493495,3.850377772,4.9588308,3.041957506
3138,2.47835,NA,21.2,Female,high,spleen,CG01,0,3.010493495,3.850377772,4.9588308,3.041957506
3138,2.47835,NA,21.2,Female,high,spleen,CG02,1,3.010493495,3.850377772,4.9588308,3.041957506
3138,2.47835,NA,21.2,Female,high,spleen,CG03,1,3.010493495,3.850377772,4.9588308,3.041957506
3138,2.47835,NA,21.2,Female,high,spleen,CG04,0,3.010493495,3.850377772,4.9588308,3.041957506
3138,2.47835,NA,21.2,Female,high,spleen,CG05,0,3.010493495,3.850377772,4.9588308,3.041957506
3139,2.3243195,0.030425778,27.1,Male,high,liver,CG01,1,1.064370182,2.070529848,1.333298677,2.620786808
3139,2.3243195,0.030425778,27.1,Male,high,liver,CG02,1,1.064370182,2.070529848,1.333298677,2.620786808
3139,2.3243195,0.030425778,27.1,Male,high,liver,CG03,1,1.064370182,2.070529848,1.333298677,2.620786808
3139,2.3243195,0.030425778,27.1,Male,high,liver,CG04,0,1.064370182,2.070529848,1.333298677,2.620786808
3139,2.3243195,0.030425778,27.1,Male,high,liver,CG05,0,1.064370182,2.070529848,1.333298677,2.620786808
3139,2.3243195,0.030425778,27.1,Male,high,blood,CG01,1,1.064370182,2.070529848,1.333298677,2.620786808
3139,2.3243195,0.030425778,27.1,Male,high,blood,CG02,1,1.064370182,2.070529848,1.333298677,2.620786808
3139,2.3243195,0.030425778,27.1,Male,high,blood,CG03,0,1.064370182,2.070529848,1.333298677,2.620786808
3139,2.3243195,0.030425778,27.1,Male,high,blood,CG04,0,1.064370182,2.070529848,1.333298677,2.620786808
3139,2.3243195,0.030425778,27.1,Male,high,blood,CG05,0,1.064370182,2.070529848,1.333298677,2.620786808
3139,2.3243195,0.030425778,27.1,Male,high,spleen,CG01,0,1.064370182,2.070529848,1.333298677,2.620786808
3139,2.3243195,0.030425778,27.1,Male,high,spleen,CG02,1,1.064370182,2.070529848,1.333298677,2.620786808
3139,2.3243195,0.030425778,27.1,Male,high,spleen,CG03,0,1.064370182,2.070529848,1.333298677,2.620786808
3139,2.3243195,0.030425778,27.1,Male,high,spleen,CG04,0,1.064370182,2.070529848,1.333298677,2.620786808
3139,2.3243195,0.030425778,27.1,Male,high,spleen,CG05,0,1.064370182,2.070529848,1.333298677,2.620786808
3142,1.8977735,0.229509833,23.2,Male,high,liver,CG01,1,1.414213562,1.283425898,2,1.20163605
3142,1.8977735,0.229509833,23.2,Male,high,liver,CG02,1,1.414213562,1.283425898,2,1.20163605
3142,1.8977735,0.229509833,23.2,Male,high,liver,CG03,1,1.414213562,1.283425898,2,1.20163605
3142,1.8977735,0.229509833,23.2,Male,high,liver,CG04,0,1.414213562,1.283425898,2,1.20163605
3142,1.8977735,0.229509833,23.2,Male,high,liver,CG05,0,1.414213562,1.283425898,2,1.20163605
3142,1.8977735,0.229509833,23.2,Male,high,blood,CG01,0,1.414213562,1.283425898,2,1.20163605
3142,1.8977735,0.229509833,23.2,Male,high,blood,CG02,1,1.414213562,1.283425898,2,1.20163605
3142,1.8977735,0.229509833,23.2,Male,high,blood,CG03,1,1.414213562,1.283425898,2,1.20163605
3142,1.8977735,0.229509833,23.2,Male,high,blood,CG04,0,1.414213562,1.283425898,2,1.20163605
3142,1.8977735,0.229509833,23.2,Male,high,blood,CG05,0,1.414213562,1.283425898,2,1.20163605
3142,1.8977735,0.229509833,23.2,Male,high,spleen,CG01,1,1.414213562,1.283425898,2,1.20163605
3142,1.8977735,0.229509833,23.2,Male,high,spleen,CG02,1,1.414213562,1.283425898,2,1.20163605
3142,1.8977735,0.229509833,23.2,Male,high,spleen,CG03,1,1.414213562,1.283425898,2,1.20163605
3142,1.8977735,0.229509833,23.2,Male,high,spleen,CG04,0,1.414213562,1.283425898,2,1.20163605
3142,1.8977735,0.229509833,23.2,Male,high,spleen,CG05,0,1.414213562,1.283425898,2,1.20163605
3144,2.3585485,0.1040035,23,Juvenile,low,liver,CG01,1,2.828427125,0.464902471,3.084421651,1.510472586
3144,2.3585485,0.1040035,23,Juvenile,low,liver,CG02,1,2.828427125,0.464902471,3.084421651,1.510472586
3144,2.3585485,0.1040035,23,Juvenile,low,liver,CG03,1,2.828427125,0.464902471,3.084421651,1.510472586
3144,2.3585485,0.1040035,23,Juvenile,low,liver,CG04,0,2.828427125,0.464902471,3.084421651,1.510472586
3144,2.3585485,0.1040035,23,Juvenile,low,liver,CG05,0,2.828427125,0.464902471,3.084421651,1.510472586
3144,2.3585485,0.1040035,23,Juvenile,low,blood,CG01,0,2.828427125,0.464902471,3.084421651,1.510472586
3144,2.3585485,0.1040035,23,Juvenile,low,blood,CG02,1,2.828427125,0.464902471,3.084421651,1.510472586
3144,2.3585485,0.1040035,23,Juvenile,low,blood,CG03,0,2.828427125,0.464902471,3.084421651,1.510472586
3144,2.3585485,0.1040035,23,Juvenile,low,blood,CG04,0,2.828427125,0.464902471,3.084421651,1.510472586
3144,2.3585485,0.1040035,23,Juvenile,low,blood,CG05,0,2.828427125,0.464902471,3.084421651,1.510472586
3144,2.3585485,0.1040035,23,Juvenile,low,spleen,CG01,NA,2.828427125,0.464902471,3.084421651,1.510472586
3144,2.3585485,0.1040035,23,Juvenile,low,spleen,CG02,NA,2.828427125,0.464902471,3.084421651,1.510472586
3144,2.3585485,0.1040035,23,Juvenile,low,spleen,CG03,NA,2.828427125,0.464902471,3.084421651,1.510472586
3144,2.3585485,0.1040035,23,Juvenile,low,spleen,CG04,NA,2.828427125,0.464902471,3.084421651,1.510472586
3144,2.3585485,0.1040035,23,Juvenile,low,spleen,CG05,NA,2.828427125,0.464902471,3.084421651,1.510472586
3145,1.203978,-0.018869833,19.8,Juvenile,high,liver,CG01,1,0.158768873,0.347479555,0.449066186,17.32760073
3145,1.203978,-0.018869833,19.8,Juvenile,high,liver,CG02,1,0.158768873,0.347479555,0.449066186,17.32760073
3145,1.203978,-0.018869833,19.8,Juvenile,high,liver,CG03,1,0.158768873,0.347479555,0.449066186,17.32760073
3145,1.203978,-0.018869833,19.8,Juvenile,high,liver,CG04,0,0.158768873,0.347479555,0.449066186,17.32760073
3145,1.203978,-0.018869833,19.8,Juvenile,high,liver,CG05,0,0.158768873,0.347479555,0.449066186,17.32760073
3145,1.203978,-0.018869833,19.8,Juvenile,high,blood,CG01,1,0.158768873,0.347479555,0.449066186,17.32760073
3145,1.203978,-0.018869833,19.8,Juvenile,high,blood,CG02,1,0.158768873,0.347479555,0.449066186,17.32760073
3145,1.203978,-0.018869833,19.8,Juvenile,high,blood,CG03,1,0.158768873,0.347479555,0.449066186,17.32760073
3145,1.203978,-0.018869833,19.8,Juvenile,high,blood,CG04,0,0.158768873,0.347479555,0.449066186,17.32760073
3145,1.203978,-0.018869833,19.8,Juvenile,high,blood,CG05,0,0.158768873,0.347479555,0.449066186,17.32760073
3145,1.203978,-0.018869833,19.8,Juvenile,high,spleen,CG01,NA,0.158768873,0.347479555,0.449066186,17.32760073
3145,1.203978,-0.018869833,19.8,Juvenile,high,spleen,CG02,NA,0.158768873,0.347479555,0.449066186,17.32760073
3145,1.203978,-0.018869833,19.8,Juvenile,high,spleen,CG03,NA,0.158768873,0.347479555,0.449066186,17.32760073
3145,1.203978,-0.018869833,19.8,Juvenile,high,spleen,CG04,NA,0.158768873,0.347479555,0.449066186,17.32760073
3145,1.203978,-0.018869833,19.8,Juvenile,high,spleen,CG05,NA,0.158768873,0.347479555,0.449066186,17.32760073
3150,3.8145975,0.257156333,22.2,Female,high,liver,CG01,1,0.267016352,0.386891248,0.154963462,1.185092771
3150,3.8145975,0.257156333,22.2,Female,high,liver,CG02,1,0.267016352,0.386891248,0.154963462,1.185092771
3150,3.8145975,0.257156333,22.2,Female,high,liver,CG03,1,0.267016352,0.386891248,0.154963462,1.185092771
3150,3.8145975,0.257156333,22.2,Female,high,liver,CG04,1,0.267016352,0.386891248,0.154963462,1.185092771
3150,3.8145975,0.257156333,22.2,Female,high,liver,CG05,1,0.267016352,0.386891248,0.154963462,1.185092771
3150,3.8145975,0.257156333,22.2,Female,high,blood,CG01,1,0.267016352,0.386891248,0.154963462,1.185092771
3150,3.8145975,0.257156333,22.2,Female,high,blood,CG02,1,0.267016352,0.386891248,0.154963462,1.185092771
3150,3.8145975,0.257156333,22.2,Female,high,blood,CG03,1,0.267016352,0.386891248,0.154963462,1.185092771
3150,3.8145975,0.257156333,22.2,Female,high,blood,CG04,0,0.267016352,0.386891248,0.154963462,1.185092771
3150,3.8145975,0.257156333,22.2,Female,high,blood,CG05,0,0.267016352,0.386891248,0.154963462,1.185092771
3150,3.8145975,0.257156333,22.2,Female,high,spleen,CG01,NA,0.267016352,0.386891248,0.154963462,1.185092771
3150,3.8145975,0.257156333,22.2,Female,high,spleen,CG02,NA,0.267016352,0.386891248,0.154963462,1.185092771
3150,3.8145975,0.257156333,22.2,Female,high,spleen,CG03,NA,0.267016352,0.386891248,0.154963462,1.185092771
3150,3.8145975,0.257156333,22.2,Female,high,spleen,CG04,NA,0.267016352,0.386891248,0.154963462,1.185092771
3150,3.8145975,0.257156333,22.2,Female,high,spleen,CG05,NA,0.267016352,0.386891248,0.154963462,1.185092771
3153,1.3000825,0.049478458,24.6,Female,low,liver,CG01,1,6.727171322,9.579829637,7.754318535,9.415253898
3153,1.3000825,0.049478458,24.6,Female,low,liver,CG02,0,6.727171322,9.579829637,7.754318535,9.415253898
3153,1.3000825,0.049478458,24.6,Female,low,liver,CG03,1,6.727171322,9.579829637,7.754318535,9.415253898
3153,1.3000825,0.049478458,24.6,Female,low,liver,CG04,0,6.727171322,9.579829637,7.754318535,9.415253898
3153,1.3000825,0.049478458,24.6,Female,low,liver,CG05,0,6.727171322,9.579829637,7.754318535,9.415253898
3153,1.3000825,0.049478458,24.6,Female,low,blood,CG01,1,6.727171322,9.579829637,7.754318535,9.415253898
3153,1.3000825,0.049478458,24.6,Female,low,blood,CG02,1,6.727171322,9.579829637,7.754318535,9.415253898
3153,1.3000825,0.049478458,24.6,Female,low,blood,CG03,1,6.727171322,9.579829637,7.754318535,9.415253898
3153,1.3000825,0.049478458,24.6,Female,low,blood,CG04,0,6.727171322,9.579829637,7.754318535,9.415253898
3153,1.3000825,0.049478458,24.6,Female,low,blood,CG05,0,6.727171322,9.579829637,7.754318535,9.415253898
3153,1.3000825,0.049478458,24.6,Female,low,spleen,CG01,0,6.727171322,9.579829637,7.754318535,9.415253898
3153,1.3000825,0.049478458,24.6,Female,low,spleen,CG02,0,6.727171322,9.579829637,7.754318535,9.415253898
3153,1.3000825,0.049478458,24.6,Female,low,spleen,CG03,1,6.727171322,9.579829637,7.754318535,9.415253898
3153,1.3000825,0.049478458,24.6,Female,low,spleen,CG04,0,6.727171322,9.579829637,7.754318535,9.415253898
3153,1.3000825,0.049478458,24.6,Female,low,spleen,CG05,0,6.727171322,9.579829637,7.754318535,9.415253898
3154,3.16293,0.160064458,23.7,Male,low,liver,CG01,1,2.070529848,4.301977562,4.438277888,2.531513188
3154,3.16293,0.160064458,23.7,Male,low,liver,CG02,1,2.070529848,4.301977562,4.438277888,2.531513188
3154,3.16293,0.160064458,23.7,Male,low,liver,CG03,1,2.070529848,4.301977562,4.438277888,2.531513188
3154,3.16293,0.160064458,23.7,Male,low,liver,CG04,0,2.070529848,4.301977562,4.438277888,2.531513188
3154,3.16293,0.160064458,23.7,Male,low,liver,CG05,0,2.070529848,4.301977562,4.438277888,2.531513188
3154,3.16293,0.160064458,23.7,Male,low,blood,CG01,0,2.070529848,4.301977562,4.438277888,2.531513188
3154,3.16293,0.160064458,23.7,Male,low,blood,CG02,0,2.070529848,4.301977562,4.438277888,2.531513188
3154,3.16293,0.160064458,23.7,Male,low,blood,CG03,1,2.070529848,4.301977562,4.438277888,2.531513188
3154,3.16293,0.160064458,23.7,Male,low,blood,CG04,0,2.070529848,4.301977562,4.438277888,2.531513188
3154,3.16293,0.160064458,23.7,Male,low,blood,CG05,0,2.070529848,4.301977562,4.438277888,2.531513188
3154,3.16293,0.160064458,23.7,Male,low,spleen,CG01,NA,2.070529848,4.301977562,4.438277888,2.531513188
3154,3.16293,0.160064458,23.7,Male,low,spleen,CG02,NA,2.070529848,4.301977562,4.438277888,2.531513188
3154,3.16293,0.160064458,23.7,Male,low,spleen,CG03,NA,2.070529848,4.301977562,4.438277888,2.531513188
3154,3.16293,0.160064458,23.7,Male,low,spleen,CG04,NA,2.070529848,4.301977562,4.438277888,2.531513188
3154,3.16293,0.160064458,23.7,Male,low,spleen,CG05,NA,2.070529848,4.301977562,4.438277888,2.531513188
3155,0.837991,-0.4963205,25.3,Male,high,liver,CG01,1,1.687631592,1.911890635,1.010451446,1.01395948
3155,0.837991,-0.4963205,25.3,Male,high,liver,CG02,1,1.687631592,1.911890635,1.010451446,1.01395948
3155,0.837991,-0.4963205,25.3,Male,high,liver,CG03,1,1.687631592,1.911890635,1.010451446,1.01395948
3155,0.837991,-0.4963205,25.3,Male,high,liver,CG04,1,1.687631592,1.911890635,1.010451446,1.01395948
3155,0.837991,-0.4963205,25.3,Male,high,liver,CG05,1,1.687631592,1.911890635,1.010451446,1.01395948
3155,0.837991,-0.4963205,25.3,Male,high,blood,CG01,0,1.687631592,1.911890635,1.010451446,1.01395948
3155,0.837991,-0.4963205,25.3,Male,high,blood,CG02,1,1.687631592,1.911890635,1.010451446,1.01395948
3155,0.837991,-0.4963205,25.3,Male,high,blood,CG03,1,1.687631592,1.911890635,1.010451446,1.01395948
3155,0.837991,-0.4963205,25.3,Male,high,blood,CG04,0,1.687631592,1.911890635,1.010451446,1.01395948
3155,0.837991,-0.4963205,25.3,Male,high,blood,CG05,0,1.687631592,1.911890635,1.010451446,1.01395948
3155,0.837991,-0.4963205,25.3,Male,high,spleen,CG01,1,1.687631592,1.911890635,1.010451446,1.01395948
3155,0.837991,-0.4963205,25.3,Male,high,spleen,CG02,1,1.687631592,1.911890635,1.010451446,1.01395948
3155,0.837991,-0.4963205,25.3,Male,high,spleen,CG03,1,1.687631592,1.911890635,1.010451446,1.01395948
3155,0.837991,-0.4963205,25.3,Male,high,spleen,CG04,0,1.687631592,1.911890635,1.010451446,1.01395948
3155,0.837991,-0.4963205,25.3,Male,high,spleen,CG05,0,1.687631592,1.911890635,1.010451446,1.01395948
3157,2.2821915,-0.061930354,20.5,Male,high,liver,CG01,1,0.503477775,0.526680518,1.945309895,1.024556823
3157,2.2821915,-0.061930354,20.5,Male,high,liver,CG02,1,0.503477775,0.526680518,1.945309895,1.024556823
3157,2.2821915,-0.061930354,20.5,Male,high,liver,CG03,1,0.503477775,0.526680518,1.945309895,1.024556823
3157,2.2821915,-0.061930354,20.5,Male,high,liver,CG04,0,0.503477775,0.526680518,1.945309895,1.024556823
3157,2.2821915,-0.061930354,20.5,Male,high,liver,CG05,0,0.503477775,0.526680518,1.945309895,1.024556823
3157,2.2821915,-0.061930354,20.5,Male,high,blood,CG01,0,0.503477775,0.526680518,1.945309895,1.024556823
3157,2.2821915,-0.061930354,20.5,Male,high,blood,CG02,0,0.503477775,0.526680518,1.945309895,1.024556823
3157,2.2821915,-0.061930354,20.5,Male,high,blood,CG03,1,0.503477775,0.526680518,1.945309895,1.024556823
3157,2.2821915,-0.061930354,20.5,Male,high,blood,CG04,0,0.503477775,0.526680518,1.945309895,1.024556823
3157,2.2821915,-0.061930354,20.5,Male,high,blood,CG05,0,0.503477775,0.526680518,1.945309895,1.024556823
3157,2.2821915,-0.061930354,20.5,Male,high,spleen,CG01,NA,0.503477775,0.526680518,1.945309895,1.024556823
3157,2.2821915,-0.061930354,20.5,Male,high,spleen,CG02,NA,0.503477775,0.526680518,1.945309895,1.024556823
3157,2.2821915,-0.061930354,20.5,Male,high,spleen,CG03,NA,0.503477775,0.526680518,1.945309895,1.024556823
3157,2.2821915,-0.061930354,20.5,Male,high,spleen,CG04,NA,0.503477775,0.526680518,1.945309895,1.024556823
3157,2.2821915,-0.061930354,20.5,Male,high,spleen,CG05,NA,0.503477775,0.526680518,1.945309895,1.024556823
3158,3.5828935,0.138397063,21.7,Male,high,liver,CG01,1,2.602683711,3.249009585,4.34693945,9.221490774
3158,3.5828935,0.138397063,21.7,Male,high,liver,CG02,1,2.602683711,3.249009585,4.34693945,9.221490774
3158,3.5828935,0.138397063,21.7,Male,high,liver,CG03,1,2.602683711,3.249009585,4.34693945,9.221490774
3158,3.5828935,0.138397063,21.7,Male,high,liver,CG04,0,2.602683711,3.249009585,4.34693945,9.221490774
3158,3.5828935,0.138397063,21.7,Male,high,liver,CG05,0,2.602683711,3.249009585,4.34693945,9.221490774
3158,3.5828935,0.138397063,21.7,Male,high,blood,CG01,0,2.602683711,3.249009585,4.34693945,9.221490774
3158,3.5828935,0.138397063,21.7,Male,high,blood,CG02,0,2.602683711,3.249009585,4.34693945,9.221490774
3158,3.5828935,0.138397063,21.7,Male,high,blood,CG03,1,2.602683711,3.249009585,4.34693945,9.221490774
3158,3.5828935,0.138397063,21.7,Male,high,blood,CG04,0,2.602683711,3.249009585,4.34693945,9.221490774
3158,3.5828935,0.138397063,21.7,Male,high,blood,CG05,0,2.602683711,3.249009585,4.34693945,9.221490774
3158,3.5828935,0.138397063,21.7,Male,high,spleen,CG01,0,2.602683711,3.249009585,4.34693945,9.221490774
3158,3.5828935,0.138397063,21.7,Male,high,spleen,CG02,0,2.602683711,3.249009585,4.34693945,9.221490774
3158,3.5828935,0.138397063,21.7,Male,high,spleen,CG03,1,2.602683711,3.249009585,4.34693945,9.221490774
3158,3.5828935,0.138397063,21.7,Male,high,spleen,CG04,0,2.602683711,3.249009585,4.34693945,9.221490774
3158,3.5828935,0.138397063,21.7,Male,high,spleen,CG05,0,2.602683711,3.249009585,4.34693945,9.221490774
3159,NA,NA,NA,NA,NA,liver,CG01,1,0.849684999,1,2.639015822,1.265756594
3159,NA,NA,NA,NA,NA,liver,CG02,1,0.849684999,1,2.639015822,1.265756594
3159,NA,NA,NA,NA,NA,liver,CG03,1,0.849684999,1,2.639015822,1.265756594
3159,NA,NA,NA,NA,NA,liver,CG04,0,0.849684999,1,2.639015822,1.265756594
3159,NA,NA,NA,NA,NA,liver,CG05,0,0.849684999,1,2.639015822,1.265756594
3159,NA,NA,NA,NA,NA,blood,CG01,NA,0.849684999,1,2.639015822,1.265756594
3159,NA,NA,NA,NA,NA,blood,CG02,NA,0.849684999,1,2.639015822,1.265756594
3159,NA,NA,NA,NA,NA,blood,CG03,NA,0.849684999,1,2.639015822,1.265756594
3159,NA,NA,NA,NA,NA,blood,CG04,NA,0.849684999,1,2.639015822,1.265756594
3159,NA,NA,NA,NA,NA,blood,CG05,NA,0.849684999,1,2.639015822,1.265756594
3159,NA,NA,NA,NA,NA,spleen,CG01,NA,0.849684999,1,2.639015822,1.265756594
3159,NA,NA,NA,NA,NA,spleen,CG02,NA,0.849684999,1,2.639015822,1.265756594
3159,NA,NA,NA,NA,NA,spleen,CG03,NA,0.849684999,1,2.639015822,1.265756594
3159,NA,NA,NA,NA,NA,spleen,CG04,NA,0.849684999,1,2.639015822,1.265756594
3159,NA,NA,NA,NA,NA,spleen,CG05,NA,0.849684999,1,2.639015822,1.265756594
3160,1.5291535,0.077783208,23.5,Female,high,liver,CG01,NA,0.366021424,0.632878297,0.829319546,3.580100284
3160,1.5291535,0.077783208,23.5,Female,high,liver,CG02,NA,0.366021424,0.632878297,0.829319546,3.580100284
3160,1.5291535,0.077783208,23.5,Female,high,liver,CG03,NA,0.366021424,0.632878297,0.829319546,3.580100284
3160,1.5291535,0.077783208,23.5,Female,high,liver,CG04,0,0.366021424,0.632878297,0.829319546,3.580100284
3160,1.5291535,0.077783208,23.5,Female,high,liver,CG05,0,0.366021424,0.632878297,0.829319546,3.580100284
3160,1.5291535,0.077783208,23.5,Female,high,blood,CG01,0,0.366021424,0.632878297,0.829319546,3.580100284
3160,1.5291535,0.077783208,23.5,Female,high,blood,CG02,0,0.366021424,0.632878297,0.829319546,3.580100284
3160,1.5291535,0.077783208,23.5,Female,high,blood,CG03,0,0.366021424,0.632878297,0.829319546,3.580100284
3160,1.5291535,0.077783208,23.5,Female,high,blood,CG04,0,0.366021424,0.632878297,0.829319546,3.580100284
3160,1.5291535,0.077783208,23.5,Female,high,blood,CG05,0,0.366021424,0.632878297,0.829319546,3.580100284
3160,1.5291535,0.077783208,23.5,Female,high,spleen,CG01,NA,0.366021424,0.632878297,0.829319546,3.580100284
3160,1.5291535,0.077783208,23.5,Female,high,spleen,CG02,NA,0.366021424,0.632878297,0.829319546,3.580100284
3160,1.5291535,0.077783208,23.5,Female,high,spleen,CG03,NA,0.366021424,0.632878297,0.829319546,3.580100284
3160,1.5291535,0.077783208,23.5,Female,high,spleen,CG04,NA,0.366021424,0.632878297,0.829319546,3.580100284
3160,1.5291535,0.077783208,23.5,Female,high,spleen,CG05,NA,0.366021424,0.632878297,0.829319546,3.580100284
3162,2.7850945,0.113145861,20.4,Male,low,liver,CG01,1,0.547146851,0.655196702,6.408559021,14.92852786
3162,2.7850945,0.113145861,20.4,Male,low,liver,CG02,1,0.547146851,0.655196702,6.408559021,14.92852786
3162,2.7850945,0.113145861,20.4,Male,low,liver,CG03,1,0.547146851,0.655196702,6.408559021,14.92852786
3162,2.7850945,0.113145861,20.4,Male,low,liver,CG04,0,0.547146851,0.655196702,6.408559021,14.92852786
3162,2.7850945,0.113145861,20.4,Male,low,liver,CG05,0,0.547146851,0.655196702,6.408559021,14.92852786
3162,2.7850945,0.113145861,20.4,Male,low,blood,CG01,0,0.547146851,0.655196702,6.408559021,14.92852786
3162,2.7850945,0.113145861,20.4,Male,low,blood,CG02,0,0.547146851,0.655196702,6.408559021,14.92852786
3162,2.7850945,0.113145861,20.4,Male,low,blood,CG03,0,0.547146851,0.655196702,6.408559021,14.92852786
3162,2.7850945,0.113145861,20.4,Male,low,blood,CG04,0,0.547146851,0.655196702,6.408559021,14.92852786
3162,2.7850945,0.113145861,20.4,Male,low,blood,CG05,0,0.547146851,0.655196702,6.408559021,14.92852786
3162,2.7850945,0.113145861,20.4,Male,low,spleen,CG01,0,0.547146851,0.655196702,6.408559021,14.92852786
3162,2.7850945,0.113145861,20.4,Male,low,spleen,CG02,0,0.547146851,0.655196702,6.408559021,14.92852786
3162,2.7850945,0.113145861,20.4,Male,low,spleen,CG03,1,0.547146851,0.655196702,6.408559021,14.92852786
3162,2.7850945,0.113145861,20.4,Male,low,spleen,CG04,0,0.547146851,0.655196702,6.408559021,14.92852786
3162,2.7850945,0.113145861,20.4,Male,low,spleen,CG05,0,0.547146851,0.655196702,6.408559021,14.92852786
3163,2.954923,0.014174317,19.6,Female,low,liver,CG01,0,0,0,NA,6.147500725
3163,2.954923,0.014174317,19.6,Female,low,liver,CG02,1,0,0,NA,6.147500725
3163,2.954923,0.014174317,19.6,Female,low,liver,CG03,1,0,0,NA,6.147500725
3163,2.954923,0.014174317,19.6,Female,low,liver,CG04,0,0,0,NA,6.147500725
3163,2.954923,0.014174317,19.6,Female,low,liver,CG05,0,0,0,NA,6.147500725
3163,2.954923,0.014174317,19.6,Female,low,blood,CG01,0,0,0,NA,6.147500725
3163,2.954923,0.014174317,19.6,Female,low,blood,CG02,1,0,0,NA,6.147500725
3163,2.954923,0.014174317,19.6,Female,low,blood,CG03,1,0,0,NA,6.147500725
3163,2.954923,0.014174317,19.6,Female,low,blood,CG04,0,0,0,NA,6.147500725
3163,2.954923,0.014174317,19.6,Female,low,blood,CG05,0,0,0,NA,6.147500725
3163,2.954923,0.014174317,19.6,Female,low,spleen,CG01,0,0,0,NA,6.147500725
3163,2.954923,0.014174317,19.6,Female,low,spleen,CG02,1,0,0,NA,6.147500725
3163,2.954923,0.014174317,19.6,Female,low,spleen,CG03,1,0,0,NA,6.147500725
3163,2.954923,0.014174317,19.6,Female,low,spleen,CG04,0,0,0,NA,6.147500725
3163,2.954923,0.014174317,19.6,Female,low,spleen,CG05,0,0,0,NA,6.147500725
3166,3.181361,0.381346167,21.3,Female,low,liver,CG01,1,0.716977624,0.083042863,NA,NA
3166,3.181361,0.381346167,21.3,Female,low,liver,CG02,1,0.716977624,0.083042863,NA,NA
3166,3.181361,0.381346167,21.3,Female,low,liver,CG03,1,0.716977624,0.083042863,NA,NA
3166,3.181361,0.381346167,21.3,Female,low,liver,CG04,0,0.716977624,0.083042863,NA,NA
3166,3.181361,0.381346167,21.3,Female,low,liver,CG05,0,0.716977624,0.083042863,NA,NA
3166,3.181361,0.381346167,21.3,Female,low,blood,CG01,0,0.716977624,0.083042863,NA,NA
3166,3.181361,0.381346167,21.3,Female,low,blood,CG02,0,0.716977624,0.083042863,NA,NA
3166,3.181361,0.381346167,21.3,Female,low,blood,CG03,1,0.716977624,0.083042863,NA,NA
3166,3.181361,0.381346167,21.3,Female,low,blood,CG04,0,0.716977624,0.083042863,NA,NA
3166,3.181361,0.381346167,21.3,Female,low,blood,CG05,0,0.716977624,0.083042863,NA,NA
3166,3.181361,0.381346167,21.3,Female,low,spleen,CG01,NA,0.716977624,0.083042863,NA,NA
3166,3.181361,0.381346167,21.3,Female,low,spleen,CG02,NA,0.716977624,0.083042863,NA,NA
3166,3.181361,0.381346167,21.3,Female,low,spleen,CG03,NA,0.716977624,0.083042863,NA,NA
3166,3.181361,0.381346167,21.3,Female,low,spleen,CG04,NA,0.716977624,0.083042863,NA,NA
3166,3.181361,0.381346167,21.3,Female,low,spleen,CG05,NA,0.716977624,0.083042863,NA,NA
3167,1.875393,0.064727917,21.5,Juvenile,high,liver,CG01,1,1.168777249,1.399585866,4.069918768,3.193193545
3167,1.875393,0.064727917,21.5,Juvenile,high,liver,CG02,1,1.168777249,1.399585866,4.069918768,3.193193545
3167,1.875393,0.064727917,21.5,Juvenile,high,liver,CG03,1,1.168777249,1.399585866,4.069918768,3.193193545
3167,1.875393,0.064727917,21.5,Juvenile,high,liver,CG04,0,1.168777249,1.399585866,4.069918768,3.193193545
3167,1.875393,0.064727917,21.5,Juvenile,high,liver,CG05,1,1.168777249,1.399585866,4.069918768,3.193193545
3167,1.875393,0.064727917,21.5,Juvenile,high,blood,CG01,1,1.168777249,1.399585866,4.069918768,3.193193545
3167,1.875393,0.064727917,21.5,Juvenile,high,blood,CG02,1,1.168777249,1.399585866,4.069918768,3.193193545
3167,1.875393,0.064727917,21.5,Juvenile,high,blood,CG03,1,1.168777249,1.399585866,4.069918768,3.193193545
3167,1.875393,0.064727917,21.5,Juvenile,high,blood,CG04,0,1.168777249,1.399585866,4.069918768,3.193193545
3167,1.875393,0.064727917,21.5,Juvenile,high,blood,CG05,0,1.168777249,1.399585866,4.069918768,3.193193545
3167,1.875393,0.064727917,21.5,Juvenile,high,spleen,CG01,NA,1.168777249,1.399585866,4.069918768,3.193193545
3167,1.875393,0.064727917,21.5,Juvenile,high,spleen,CG02,NA,1.168777249,1.399585866,4.069918768,3.193193545
3167,1.875393,0.064727917,21.5,Juvenile,high,spleen,CG03,NA,1.168777249,1.399585866,4.069918768,3.193193545
3167,1.875393,0.064727917,21.5,Juvenile,high,spleen,CG04,NA,1.168777249,1.399585866,4.069918768,3.193193545
3167,1.875393,0.064727917,21.5,Juvenile,high,spleen,CG05,NA,1.168777249,1.399585866,4.069918768,3.193193545
3168,2.251912,0.164343083,22,Male,low,liver,CG01,0,2.897884309,2.128740365,5.098242509,4.301977562
3168,2.251912,0.164343083,22,Male,low,liver,CG02,1,2.897884309,2.128740365,5.098242509,4.301977562
3168,2.251912,0.164343083,22,Male,low,liver,CG03,1,2.897884309,2.128740365,5.098242509,4.301977562
3168,2.251912,0.164343083,22,Male,low,liver,CG04,0,2.897884309,2.128740365,5.098242509,4.301977562
3168,2.251912,0.164343083,22,Male,low,liver,CG05,0,2.897884309,2.128740365,5.098242509,4.301977562
3168,2.251912,0.164343083,22,Male,low,blood,CG01,0,2.897884309,2.128740365,5.098242509,4.301977562
3168,2.251912,0.164343083,22,Male,low,blood,CG02,1,2.897884309,2.128740365,5.098242509,4.301977562
3168,2.251912,0.164343083,22,Male,low,blood,CG03,1,2.897884309,2.128740365,5.098242509,4.301977562
3168,2.251912,0.164343083,22,Male,low,blood,CG04,0,2.897884309,2.128740365,5.098242509,4.301977562
3168,2.251912,0.164343083,22,Male,low,blood,CG05,0,2.897884309,2.128740365,5.098242509,4.301977562
3168,2.251912,0.164343083,22,Male,low,spleen,CG01,1,2.897884309,2.128740365,5.098242509,4.301977562
3168,2.251912,0.164343083,22,Male,low,spleen,CG02,1,2.897884309,2.128740365,5.098242509,4.301977562
3168,2.251912,0.164343083,22,Male,low,spleen,CG03,1,2.897884309,2.128740365,5.098242509,4.301977562
3168,2.251912,0.164343083,22,Male,low,spleen,CG04,0,2.897884309,2.128740365,5.098242509,4.301977562
3168,2.251912,0.164343083,22,Male,low,spleen,CG05,0,2.897884309,2.128740365,5.098242509,4.301977562
3170,3.660567,0.306598222,24.3,Male,low,liver,CG01,1,1.209994089,2.828427125,1.328685814,2.321407829
3170,3.660567,0.306598222,24.3,Male,low,liver,CG02,1,1.209994089,2.828427125,1.328685814,2.321407829
3170,3.660567,0.306598222,24.3,Male,low,liver,CG03,1,1.209994089,2.828427125,1.328685814,2.321407829
3170,3.660567,0.306598222,24.3,Male,low,liver,CG04,0,1.209994089,2.828427125,1.328685814,2.321407829
3170,3.660567,0.306598222,24.3,Male,low,liver,CG05,0,1.209994089,2.828427125,1.328685814,2.321407829
3170,3.660567,0.306598222,24.3,Male,low,blood,CG01,1,1.209994089,2.828427125,1.328685814,2.321407829
3170,3.660567,0.306598222,24.3,Male,low,blood,CG02,0,1.209994089,2.828427125,1.328685814,2.321407829
3170,3.660567,0.306598222,24.3,Male,low,blood,CG03,1,1.209994089,2.828427125,1.328685814,2.321407829
3170,3.660567,0.306598222,24.3,Male,low,blood,CG04,0,1.209994089,2.828427125,1.328685814,2.321407829
3170,3.660567,0.306598222,24.3,Male,low,blood,CG05,0,1.209994089,2.828427125,1.328685814,2.321407829
3170,3.660567,0.306598222,24.3,Male,low,spleen,CG01,0,1.209994089,2.828427125,1.328685814,2.321407829
3170,3.660567,0.306598222,24.3,Male,low,spleen,CG02,0,1.209994089,2.828427125,1.328685814,2.321407829
3170,3.660567,0.306598222,24.3,Male,low,spleen,CG03,1,1.209994089,2.828427125,1.328685814,2.321407829
3170,3.660567,0.306598222,24.3,Male,low,spleen,CG04,0,1.209994089,2.828427125,1.328685814,2.321407829
3170,3.660567,0.306598222,24.3,Male,low,spleen,CG05,0,1.209994089,2.828427125,1.328685814,2.321407829
3171,4.342514,NA,20.2,Juvenile,high,liver,CG01,1,NA,NA,NA,NA
3171,4.342514,NA,20.2,Juvenile,high,liver,CG02,1,NA,NA,NA,NA
3171,4.342514,NA,20.2,Juvenile,high,liver,CG03,1,NA,NA,NA,NA
3171,4.342514,NA,20.2,Juvenile,high,liver,CG04,0,NA,NA,NA,NA
3171,4.342514,NA,20.2,Juvenile,high,liver,CG05,0,NA,NA,NA,NA
3171,4.342514,NA,20.2,Juvenile,high,blood,CG01,NA,NA,NA,NA,NA
3171,4.342514,NA,20.2,Juvenile,high,blood,CG02,NA,NA,NA,NA,NA
3171,4.342514,NA,20.2,Juvenile,high,blood,CG03,NA,NA,NA,NA,NA
3171,4.342514,NA,20.2,Juvenile,high,blood,CG04,NA,NA,NA,NA,NA
3171,4.342514,NA,20.2,Juvenile,high,blood,CG05,NA,NA,NA,NA,NA
3171,4.342514,NA,20.2,Juvenile,high,spleen,CG01,NA,NA,NA,NA,NA
3171,4.342514,NA,20.2,Juvenile,high,spleen,CG02,NA,NA,NA,NA,NA
3171,4.342514,NA,20.2,Juvenile,high,spleen,CG03,NA,NA,NA,NA,NA
3171,4.342514,NA,20.2,Juvenile,high,spleen,CG04,NA,NA,NA,NA,NA
3171,4.342514,NA,20.2,Juvenile,high,spleen,CG05,NA,NA,NA,NA,NA
3173,NA,NA,21.8,Female,low,liver,CG01,1,NA,NA,NA,NA
3173,NA,NA,21.8,Female,low,liver,CG02,1,NA,NA,NA,NA
3173,NA,NA,21.8,Female,low,liver,CG03,1,NA,NA,NA,NA
3173,NA,NA,21.8,Female,low,liver,CG04,0,NA,NA,NA,NA
3173,NA,NA,21.8,Female,low,liver,CG05,0,NA,NA,NA,NA
3173,NA,NA,21.8,Female,low,blood,CG01,NA,NA,NA,NA,NA
3173,NA,NA,21.8,Female,low,blood,CG02,NA,NA,NA,NA,NA
3173,NA,NA,21.8,Female,low,blood,CG03,NA,NA,NA,NA,NA
3173,NA,NA,21.8,Female,low,blood,CG04,NA,NA,NA,NA,NA
3173,NA,NA,21.8,Female,low,blood,CG05,NA,NA,NA,NA,NA
3173,NA,NA,21.8,Female,low,spleen,CG01,NA,NA,NA,NA,NA
3173,NA,NA,21.8,Female,low,spleen,CG02,NA,NA,NA,NA,NA
3173,NA,NA,21.8,Female,low,spleen,CG03,NA,NA,NA,NA,NA
3173,NA,NA,21.8,Female,low,spleen,CG04,NA,NA,NA,NA,NA
3173,NA,NA,21.8,Female,low,spleen,CG05,NA,NA,NA,NA,NA
3174,4.258258,0.4041655,24.1,Male,high,liver,CG01,1,0.537747195,1.064370182,0.643940815,0.765778999
3174,4.258258,0.4041655,24.1,Male,high,liver,CG02,1,0.537747195,1.064370182,0.643940815,0.765778999
3174,4.258258,0.4041655,24.1,Male,high,liver,CG03,1,0.537747195,1.064370182,0.643940815,0.765778999
3174,4.258258,0.4041655,24.1,Male,high,liver,CG04,0,0.537747195,1.064370182,0.643940815,0.765778999
3174,4.258258,0.4041655,24.1,Male,high,liver,CG05,0,0.537747195,1.064370182,0.643940815,0.765778999
3174,4.258258,0.4041655,24.1,Male,high,blood,CG01,0,0.537747195,1.064370182,0.643940815,0.765778999
3174,4.258258,0.4041655,24.1,Male,high,blood,CG02,1,0.537747195,1.064370182,0.643940815,0.765778999
3174,4.258258,0.4041655,24.1,Male,high,blood,CG03,1,0.537747195,1.064370182,0.643940815,0.765778999
3174,4.258258,0.4041655,24.1,Male,high,blood,CG04,0,0.537747195,1.064370182,0.643940815,0.765778999
3174,4.258258,0.4041655,24.1,Male,high,blood,CG05,0,0.537747195,1.064370182,0.643940815,0.765778999
3174,4.258258,0.4041655,24.1,Male,high,spleen,CG01,0,0.537747195,1.064370182,0.643940815,0.765778999
3174,4.258258,0.4041655,24.1,Male,high,spleen,CG02,1,0.537747195,1.064370182,0.643940815,0.765778999
3174,4.258258,0.4041655,24.1,Male,high,spleen,CG03,1,0.537747195,1.064370182,0.643940815,0.765778999
3174,4.258258,0.4041655,24.1,Male,high,spleen,CG04,0,0.537747195,1.064370182,0.643940815,0.765778999
3174,4.258258,0.4041655,24.1,Male,high,spleen,CG05,0,0.537747195,1.064370182,0.643940815,0.765778999
3176,3.1537145,0.282169833,NA,Male,low,liver,CG01,1,0.952637998,0.594603558,0.463294031,4.531535541
3176,3.1537145,0.282169833,NA,Male,low,liver,CG02,1,0.952637998,0.594603558,0.463294031,4.531535541
3176,3.1537145,0.282169833,NA,Male,low,liver,CG03,1,0.952637998,0.594603558,0.463294031,4.531535541
3176,3.1537145,0.282169833,NA,Male,low,liver,CG04,0,0.952637998,0.594603558,0.463294031,4.531535541
3176,3.1537145,0.282169833,NA,Male,low,liver,CG05,0,0.952637998,0.594603558,0.463294031,4.531535541
3176,3.1537145,0.282169833,NA,Male,low,blood,CG01,NA,0.952637998,0.594603558,0.463294031,4.531535541
3176,3.1537145,0.282169833,NA,Male,low,blood,CG02,NA,0.952637998,0.594603558,0.463294031,4.531535541
3176,3.1537145,0.282169833,NA,Male,low,blood,CG03,NA,0.952637998,0.594603558,0.463294031,4.531535541
3176,3.1537145,0.282169833,NA,Male,low,blood,CG04,NA,0.952637998,0.594603558,0.463294031,4.531535541
3176,3.1537145,0.282169833,NA,Male,low,blood,CG05,NA,0.952637998,0.594603558,0.463294031,4.531535541
3176,3.1537145,0.282169833,NA,Male,low,spleen,CG01,0,0.952637998,0.594603558,0.463294031,4.531535541
3176,3.1537145,0.282169833,NA,Male,low,spleen,CG02,0,0.952637998,0.594603558,0.463294031,4.531535541
3176,3.1537145,0.282169833,NA,Male,low,spleen,CG03,0,0.952637998,0.594603558,0.463294031,4.531535541
3176,3.1537145,0.282169833,NA,Male,low,spleen,CG04,0,0.952637998,0.594603558,0.463294031,4.531535541
3176,3.1537145,0.282169833,NA,Male,low,spleen,CG05,0,0.952637998,0.594603558,0.463294031,4.531535541
3178,3.223489,0.16574735,23.2,Male,high,liver,CG01,1,NA,0.438302861,NA,3.494291584
3178,3.223489,0.16574735,23.2,Male,high,liver,CG02,1,NA,0.438302861,NA,3.494291584
3178,3.223489,0.16574735,23.2,Male,high,liver,CG03,1,NA,0.438302861,NA,3.494291584
3178,3.223489,0.16574735,23.2,Male,high,liver,CG04,1,NA,0.438302861,NA,3.494291584
3178,3.223489,0.16574735,23.2,Male,high,liver,CG05,0,NA,0.438302861,NA,3.494291584
3178,3.223489,0.16574735,23.2,Male,high,blood,CG01,1,NA,0.438302861,NA,3.494291584
3178,3.223489,0.16574735,23.2,Male,high,blood,CG02,1,NA,0.438302861,NA,3.494291584
3178,3.223489,0.16574735,23.2,Male,high,blood,CG03,0,NA,0.438302861,NA,3.494291584
3178,3.223489,0.16574735,23.2,Male,high,blood,CG04,0,NA,0.438302861,NA,3.494291584
3178,3.223489,0.16574735,23.2,Male,high,blood,CG05,0,NA,0.438302861,NA,3.494291584
3178,3.223489,0.16574735,23.2,Male,high,spleen,CG01,0,NA,0.438302861,NA,3.494291584
3178,3.223489,0.16574735,23.2,Male,high,spleen,CG02,0,NA,0.438302861,NA,3.494291584
3178,3.223489,0.16574735,23.2,Male,high,spleen,CG03,1,NA,0.438302861,NA,3.494291584
3178,3.223489,0.16574735,23.2,Male,high,spleen,CG04,0,NA,0.438302861,NA,3.494291584
3178,3.223489,0.16574735,23.2,Male,high,spleen,CG05,0,NA,0.438302861,NA,3.494291584
3179,2.199252,-0.126384,21.5,Male,high,liver,CG01,1,0.86154616,1.885569072,2.226843236,1.218410264
3179,2.199252,-0.126384,21.5,Male,high,liver,CG02,1,0.86154616,1.885569072,2.226843236,1.218410264
3179,2.199252,-0.126384,21.5,Male,high,liver,CG03,1,0.86154616,1.885569072,2.226843236,1.218410264
3179,2.199252,-0.126384,21.5,Male,high,liver,CG04,0,0.86154616,1.885569072,2.226843236,1.218410264
3179,2.199252,-0.126384,21.5,Male,high,liver,CG05,1,0.86154616,1.885569072,2.226843236,1.218410264
3179,2.199252,-0.126384,21.5,Male,high,blood,CG01,0,0.86154616,1.885569072,2.226843236,1.218410264
3179,2.199252,-0.126384,21.5,Male,high,blood,CG02,1,0.86154616,1.885569072,2.226843236,1.218410264
3179,2.199252,-0.126384,21.5,Male,high,blood,CG03,1,0.86154616,1.885569072,2.226843236,1.218410264
3179,2.199252,-0.126384,21.5,Male,high,blood,CG04,0,0.86154616,1.885569072,2.226843236,1.218410264
3179,2.199252,-0.126384,21.5,Male,high,blood,CG05,0,0.86154616,1.885569072,2.226843236,1.218410264
3179,2.199252,-0.126384,21.5,Male,high,spleen,CG01,0,0.86154616,1.885569072,2.226843236,1.218410264
3179,2.199252,-0.126384,21.5,Male,high,spleen,CG02,0,0.86154616,1.885569072,2.226843236,1.218410264
3179,2.199252,-0.126384,21.5,Male,high,spleen,CG03,0,0.86154616,1.885569072,2.226843236,1.218410264
3179,2.199252,-0.126384,21.5,Male,high,spleen,CG04,0,0.86154616,1.885569072,2.226843236,1.218410264
3179,2.199252,-0.126384,21.5,Male,high,spleen,CG05,0,0.86154616,1.885569072,2.226843236,1.218410264
3180,2.8482865,-0.026841972,22.2,Juvenile,low,liver,CG01,1,6.520578659,5.502167273,8.168097006,6.892369278
3180,2.8482865,-0.026841972,22.2,Juvenile,low,liver,CG02,1,6.520578659,5.502167273,8.168097006,6.892369278
3180,2.8482865,-0.026841972,22.2,Juvenile,low,liver,CG03,1,6.520578659,5.502167273,8.168097006,6.892369278
3180,2.8482865,-0.026841972,22.2,Juvenile,low,liver,CG04,0,6.520578659,5.502167273,8.168097006,6.892369278
3180,2.8482865,-0.026841972,22.2,Juvenile,low,liver,CG05,0,6.520578659,5.502167273,8.168097006,6.892369278
3180,2.8482865,-0.026841972,22.2,Juvenile,low,blood,CG01,1,6.520578659,5.502167273,8.168097006,6.892369278
3180,2.8482865,-0.026841972,22.2,Juvenile,low,blood,CG02,0,6.520578659,5.502167273,8.168097006,6.892369278
3180,2.8482865,-0.026841972,22.2,Juvenile,low,blood,CG03,0,6.520578659,5.502167273,8.168097006,6.892369278
3180,2.8482865,-0.026841972,22.2,Juvenile,low,blood,CG04,0,6.520578659,5.502167273,8.168097006,6.892369278
3180,2.8482865,-0.026841972,22.2,Juvenile,low,blood,CG05,0,6.520578659,5.502167273,8.168097006,6.892369278
3180,2.8482865,-0.026841972,22.2,Juvenile,low,spleen,CG01,1,6.520578659,5.502167273,8.168097006,6.892369278
3180,2.8482865,-0.026841972,22.2,Juvenile,low,spleen,CG02,1,6.520578659,5.502167273,8.168097006,6.892369278
3180,2.8482865,-0.026841972,22.2,Juvenile,low,spleen,CG03,0,6.520578659,5.502167273,8.168097006,6.892369278
3180,2.8482865,-0.026841972,22.2,Juvenile,low,spleen,CG04,0,6.520578659,5.502167273,8.168097006,6.892369278
3180,2.8482865,-0.026841972,22.2,Juvenile,low,spleen,CG05,0,6.520578659,5.502167273,8.168097006,6.892369278
3181,3.5381325,0.150794104,23.8,Juvenile,low,liver,CG01,1,3.82378127,12.00031191,19.49456422,3.482202253
3181,3.5381325,0.150794104,23.8,Juvenile,low,liver,CG02,1,3.82378127,12.00031191,19.49456422,3.482202253
3181,3.5381325,0.150794104,23.8,Juvenile,low,liver,CG03,1,3.82378127,12.00031191,19.49456422,3.482202253
3181,3.5381325,0.150794104,23.8,Juvenile,low,liver,CG04,0,3.82378127,12.00031191,19.49456422,3.482202253
3181,3.5381325,0.150794104,23.8,Juvenile,low,liver,CG05,0,3.82378127,12.00031191,19.49456422,3.482202253
3181,3.5381325,0.150794104,23.8,Juvenile,low,blood,CG01,0,3.82378127,12.00031191,19.49456422,3.482202253
3181,3.5381325,0.150794104,23.8,Juvenile,low,blood,CG02,0,3.82378127,12.00031191,19.49456422,3.482202253
3181,3.5381325,0.150794104,23.8,Juvenile,low,blood,CG03,1,3.82378127,12.00031191,19.49456422,3.482202253
3181,3.5381325,0.150794104,23.8,Juvenile,low,blood,CG04,0,3.82378127,12.00031191,19.49456422,3.482202253
3181,3.5381325,0.150794104,23.8,Juvenile,low,blood,CG05,0,3.82378127,12.00031191,19.49456422,3.482202253
3181,3.5381325,0.150794104,23.8,Juvenile,low,spleen,CG01,1,3.82378127,12.00031191,19.49456422,3.482202253
3181,3.5381325,0.150794104,23.8,Juvenile,low,spleen,CG02,0,3.82378127,12.00031191,19.49456422,3.482202253
3181,3.5381325,0.150794104,23.8,Juvenile,low,spleen,CG03,0,3.82378127,12.00031191,19.49456422,3.482202253
3181,3.5381325,0.150794104,23.8,Juvenile,low,spleen,CG04,0,3.82378127,12.00031191,19.49456422,3.482202253
3181,3.5381325,0.150794104,23.8,Juvenile,low,spleen,CG05,0,3.82378127,12.00031191,19.49456422,3.482202253
3182,5.0547405,0.547883417,23.6,Female,low,liver,CG01,1,0.882702996,1.624504793,1.071773463,1.101905116
3182,5.0547405,0.547883417,23.6,Female,low,liver,CG02,1,0.882702996,1.624504793,1.071773463,1.101905116
3182,5.0547405,0.547883417,23.6,Female,low,liver,CG03,0,0.882702996,1.624504793,1.071773463,1.101905116
3182,5.0547405,0.547883417,23.6,Female,low,liver,CG04,0,0.882702996,1.624504793,1.071773463,1.101905116
3182,5.0547405,0.547883417,23.6,Female,low,liver,CG05,0,0.882702996,1.624504793,1.071773463,1.101905116
3182,5.0547405,0.547883417,23.6,Female,low,blood,CG01,1,0.882702996,1.624504793,1.071773463,1.101905116
3182,5.0547405,0.547883417,23.6,Female,low,blood,CG02,1,0.882702996,1.624504793,1.071773463,1.101905116
3182,5.0547405,0.547883417,23.6,Female,low,blood,CG03,0,0.882702996,1.624504793,1.071773463,1.101905116
3182,5.0547405,0.547883417,23.6,Female,low,blood,CG04,0,0.882702996,1.624504793,1.071773463,1.101905116
3182,5.0547405,0.547883417,23.6,Female,low,blood,CG05,0,0.882702996,1.624504793,1.071773463,1.101905116
3182,5.0547405,0.547883417,23.6,Female,low,spleen,CG01,NA,0.882702996,1.624504793,1.071773463,1.101905116
3182,5.0547405,0.547883417,23.6,Female,low,spleen,CG02,NA,0.882702996,1.624504793,1.071773463,1.101905116
3182,5.0547405,0.547883417,23.6,Female,low,spleen,CG03,NA,0.882702996,1.624504793,1.071773463,1.101905116
3182,5.0547405,0.547883417,23.6,Female,low,spleen,CG04,NA,0.882702996,1.624504793,1.071773463,1.101905116
3182,5.0547405,0.547883417,23.6,Female,low,spleen,CG05,NA,0.882702996,1.624504793,1.071773463,1.101905116
3184,1.027567,0.031303444,22.7,Female,high,liver,CG01,1,0.512278412,0.556710809,0.52123288,1.333298677
3184,1.027567,0.031303444,22.7,Female,high,liver,CG02,1,0.512278412,0.556710809,0.52123288,1.333298677
3184,1.027567,0.031303444,22.7,Female,high,liver,CG03,1,0.512278412,0.556710809,0.52123288,1.333298677
3184,1.027567,0.031303444,22.7,Female,high,liver,CG04,1,0.512278412,0.556710809,0.52123288,1.333298677
3184,1.027567,0.031303444,22.7,Female,high,liver,CG05,0,0.512278412,0.556710809,0.52123288,1.333298677
3184,1.027567,0.031303444,22.7,Female,high,blood,CG01,1,0.512278412,0.556710809,0.52123288,1.333298677
3184,1.027567,0.031303444,22.7,Female,high,blood,CG02,1,0.512278412,0.556710809,0.52123288,1.333298677
3184,1.027567,0.031303444,22.7,Female,high,blood,CG03,0,0.512278412,0.556710809,0.52123288,1.333298677
3184,1.027567,0.031303444,22.7,Female,high,blood,CG04,0,0.512278412,0.556710809,0.52123288,1.333298677
3184,1.027567,0.031303444,22.7,Female,high,blood,CG05,0,0.512278412,0.556710809,0.52123288,1.333298677
3184,1.027567,0.031303444,22.7,Female,high,spleen,CG01,0,0.512278412,0.556710809,0.52123288,1.333298677
3184,1.027567,0.031303444,22.7,Female,high,spleen,CG02,0,0.512278412,0.556710809,0.52123288,1.333298677
3184,1.027567,0.031303444,22.7,Female,high,spleen,CG03,0,0.512278412,0.556710809,0.52123288,1.333298677
3184,1.027567,0.031303444,22.7,Female,high,spleen,CG04,0,0.512278412,0.556710809,0.52123288,1.333298677
3184,1.027567,0.031303444,22.7,Female,high,spleen,CG05,0,0.512278412,0.556710809,0.52123288,1.333298677
3185,NA,NA,24.7,Male,high,liver,CG01,1,NA,NA,NA,NA
3185,NA,NA,24.7,Male,high,liver,CG02,1,NA,NA,NA,NA
3185,NA,NA,24.7,Male,high,liver,CG03,1,NA,NA,NA,NA
3185,NA,NA,24.7,Male,high,liver,CG04,0,NA,NA,NA,NA
3185,NA,NA,24.7,Male,high,liver,CG05,0,NA,NA,NA,NA
3185,NA,NA,24.7,Male,high,blood,CG01,NA,NA,NA,NA,NA
3185,NA,NA,24.7,Male,high,blood,CG02,NA,NA,NA,NA,NA
3185,NA,NA,24.7,Male,high,blood,CG03,NA,NA,NA,NA,NA
3185,NA,NA,24.7,Male,high,blood,CG04,NA,NA,NA,NA,NA
3185,NA,NA,24.7,Male,high,blood,CG05,NA,NA,NA,NA,NA
3185,NA,NA,24.7,Male,high,spleen,CG01,NA,NA,NA,NA,NA
3185,NA,NA,24.7,Male,high,spleen,CG02,NA,NA,NA,NA,NA
3185,NA,NA,24.7,Male,high,spleen,CG03,NA,NA,NA,NA,NA
3185,NA,NA,24.7,Male,high,spleen,CG04,NA,NA,NA,NA,NA
3185,NA,NA,24.7,Male,high,spleen,CG05,NA,NA,NA,NA,NA
3186,3.1273845,NA,21.4,Female,low,liver,CG01,1,NA,NA,NA,NA
3186,3.1273845,NA,21.4,Female,low,liver,CG02,1,NA,NA,NA,NA
3186,3.1273845,NA,21.4,Female,low,liver,CG03,1,NA,NA,NA,NA
3186,3.1273845,NA,21.4,Female,low,liver,CG04,0,NA,NA,NA,NA
3186,3.1273845,NA,21.4,Female,low,liver,CG05,0,NA,NA,NA,NA
3186,3.1273845,NA,21.4,Female,low,blood,CG01,NA,NA,NA,NA,NA
3186,3.1273845,NA,21.4,Female,low,blood,CG02,NA,NA,NA,NA,NA
3186,3.1273845,NA,21.4,Female,low,blood,CG03,NA,NA,NA,NA,NA
3186,3.1273845,NA,21.4,Female,low,blood,CG04,NA,NA,NA,NA,NA
3186,3.1273845,NA,21.4,Female,low,blood,CG05,NA,NA,NA,NA,NA
3186,3.1273845,NA,21.4,Female,low,spleen,CG01,NA,NA,NA,NA,NA
3186,3.1273845,NA,21.4,Female,low,spleen,CG02,NA,NA,NA,NA,NA
3186,3.1273845,NA,21.4,Female,low,spleen,CG03,NA,NA,NA,NA,NA
3186,3.1273845,NA,21.4,Female,low,spleen,CG04,NA,NA,NA,NA,NA
3186,3.1273845,NA,21.4,Female,low,spleen,CG05,NA,NA,NA,NA,NA
3187,4.1331905,0.408115,24.8,Male,low,liver,CG01,1,1.024556823,1.647182035,1.711190051,1.945309895
3187,4.1331905,0.408115,24.8,Male,low,liver,CG02,1,1.024556823,1.647182035,1.711190051,1.945309895
3187,4.1331905,0.408115,24.8,Male,low,liver,CG03,1,1.024556823,1.647182035,1.711190051,1.945309895
3187,4.1331905,0.408115,24.8,Male,low,liver,CG04,0,1.024556823,1.647182035,1.711190051,1.945309895
3187,4.1331905,0.408115,24.8,Male,low,liver,CG05,0,1.024556823,1.647182035,1.711190051,1.945309895
3187,4.1331905,0.408115,24.8,Male,low,blood,CG01,0,1.024556823,1.647182035,1.711190051,1.945309895
3187,4.1331905,0.408115,24.8,Male,low,blood,CG02,0,1.024556823,1.647182035,1.711190051,1.945309895
3187,4.1331905,0.408115,24.8,Male,low,blood,CG03,1,1.024556823,1.647182035,1.711190051,1.945309895
3187,4.1331905,0.408115,24.8,Male,low,blood,CG04,0,1.024556823,1.647182035,1.711190051,1.945309895
3187,4.1331905,0.408115,24.8,Male,low,blood,CG05,0,1.024556823,1.647182035,1.711190051,1.945309895
3187,4.1331905,0.408115,24.8,Male,low,spleen,CG01,1,1.024556823,1.647182035,1.711190051,1.945309895
3187,4.1331905,0.408115,24.8,Male,low,spleen,CG02,1,1.024556823,1.647182035,1.711190051,1.945309895
3187,4.1331905,0.408115,24.8,Male,low,spleen,CG03,1,1.024556823,1.647182035,1.711190051,1.945309895
3187,4.1331905,0.408115,24.8,Male,low,spleen,CG04,0,1.024556823,1.647182035,1.711190051,1.945309895
3187,4.1331905,0.408115,24.8,Male,low,spleen,CG05,0,1.024556823,1.647182035,1.711190051,1.945309895
3188,4.726932,0.290434528,19.9,Juvenile,low,liver,CG01,0,5.617779503,0.335643126,3.482202253,1.185092771
3188,4.726932,0.290434528,19.9,Juvenile,low,liver,CG02,NA,5.617779503,0.335643126,3.482202253,1.185092771
3188,4.726932,0.290434528,19.9,Juvenile,low,liver,CG03,0,5.617779503,0.335643126,3.482202253,1.185092771
3188,4.726932,0.290434528,19.9,Juvenile,low,liver,CG04,0,5.617779503,0.335643126,3.482202253,1.185092771
3188,4.726932,0.290434528,19.9,Juvenile,low,liver,CG05,0,5.617779503,0.335643126,3.482202253,1.185092771
3188,4.726932,0.290434528,19.9,Juvenile,low,blood,CG01,NA,5.617779503,0.335643126,3.482202253,1.185092771
3188,4.726932,0.290434528,19.9,Juvenile,low,blood,CG02,NA,5.617779503,0.335643126,3.482202253,1.185092771
3188,4.726932,0.290434528,19.9,Juvenile,low,blood,CG03,NA,5.617779503,0.335643126,3.482202253,1.185092771
3188,4.726932,0.290434528,19.9,Juvenile,low,blood,CG04,NA,5.617779503,0.335643126,3.482202253,1.185092771
3188,4.726932,0.290434528,19.9,Juvenile,low,blood,CG05,NA,5.617779503,0.335643126,3.482202253,1.185092771
3188,4.726932,0.290434528,19.9,Juvenile,low,spleen,CG01,1,5.617779503,0.335643126,3.482202253,1.185092771
3188,4.726932,0.290434528,19.9,Juvenile,low,spleen,CG02,0,5.617779503,0.335643126,3.482202253,1.185092771
3188,4.726932,0.290434528,19.9,Juvenile,low,spleen,CG03,1,5.617779503,0.335643126,3.482202253,1.185092771
3188,4.726932,0.290434528,19.9,Juvenile,low,spleen,CG04,0,5.617779503,0.335643126,3.482202253,1.185092771
3188,4.726932,0.290434528,19.9,Juvenile,low,spleen,CG05,0,5.617779503,0.335643126,3.482202253,1.185092771
3190,3.6276545,0.163520271,24,Male,high,liver,CG01,1,1.222640278,1.711190051,1.840375301,2.37841423
3190,3.6276545,0.163520271,24,Male,high,liver,CG02,1,1.222640278,1.711190051,1.840375301,2.37841423
3190,3.6276545,0.163520271,24,Male,high,liver,CG03,1,1.222640278,1.711190051,1.840375301,2.37841423
3190,3.6276545,0.163520271,24,Male,high,liver,CG04,0,1.222640278,1.711190051,1.840375301,2.37841423
3190,3.6276545,0.163520271,24,Male,high,liver,CG05,0,1.222640278,1.711190051,1.840375301,2.37841423
3190,3.6276545,0.163520271,24,Male,high,blood,CG01,1,1.222640278,1.711190051,1.840375301,2.37841423
3190,3.6276545,0.163520271,24,Male,high,blood,CG02,0,1.222640278,1.711190051,1.840375301,2.37841423
3190,3.6276545,0.163520271,24,Male,high,blood,CG03,0,1.222640278,1.711190051,1.840375301,2.37841423
3190,3.6276545,0.163520271,24,Male,high,blood,CG04,0,1.222640278,1.711190051,1.840375301,2.37841423
3190,3.6276545,0.163520271,24,Male,high,blood,CG05,0,1.222640278,1.711190051,1.840375301,2.37841423
3190,3.6276545,0.163520271,24,Male,high,spleen,CG01,0,1.222640278,1.711190051,1.840375301,2.37841423
3190,3.6276545,0.163520271,24,Male,high,spleen,CG02,1,1.222640278,1.711190051,1.840375301,2.37841423
3190,3.6276545,0.163520271,24,Male,high,spleen,CG03,1,1.222640278,1.711190051,1.840375301,2.37841423
3190,3.6276545,0.163520271,24,Male,high,spleen,CG04,0,1.222640278,1.711190051,1.840375301,2.37841423
3190,3.6276545,0.163520271,24,Male,high,spleen,CG05,0,1.222640278,1.711190051,1.840375301,2.37841423
3191,2.1505415,-0.135892056,22.1,Male,high,liver,CG01,1,0.598739352,1.064370182,1.972465409,2.370185542
3191,2.1505415,-0.135892056,22.1,Male,high,liver,CG02,1,0.598739352,1.064370182,1.972465409,2.370185542
3191,2.1505415,-0.135892056,22.1,Male,high,liver,CG03,1,0.598739352,1.064370182,1.972465409,2.370185542
3191,2.1505415,-0.135892056,22.1,Male,high,liver,CG04,0,0.598739352,1.064370182,1.972465409,2.370185542
3191,2.1505415,-0.135892056,22.1,Male,high,liver,CG05,0,0.598739352,1.064370182,1.972465409,2.370185542
3191,2.1505415,-0.135892056,22.1,Male,high,blood,CG01,1,0.598739352,1.064370182,1.972465409,2.370185542
3191,2.1505415,-0.135892056,22.1,Male,high,blood,CG02,0,0.598739352,1.064370182,1.972465409,2.370185542
3191,2.1505415,-0.135892056,22.1,Male,high,blood,CG03,0,0.598739352,1.064370182,1.972465409,2.370185542
3191,2.1505415,-0.135892056,22.1,Male,high,blood,CG04,0,0.598739352,1.064370182,1.972465409,2.370185542
3191,2.1505415,-0.135892056,22.1,Male,high,blood,CG05,0,0.598739352,1.064370182,1.972465409,2.370185542
3191,2.1505415,-0.135892056,22.1,Male,high,spleen,CG01,1,0.598739352,1.064370182,1.972465409,2.370185542
3191,2.1505415,-0.135892056,22.1,Male,high,spleen,CG02,1,0.598739352,1.064370182,1.972465409,2.370185542
3191,2.1505415,-0.135892056,22.1,Male,high,spleen,CG03,1,0.598739352,1.064370182,1.972465409,2.370185542
3191,2.1505415,-0.135892056,22.1,Male,high,spleen,CG04,0,0.598739352,1.064370182,1.972465409,2.370185542
3191,2.1505415,-0.135892056,22.1,Male,high,spleen,CG05,0,0.598739352,1.064370182,1.972465409,2.370185542
3192,3.4881055,0.14942275,21.1,Female,low,liver,CG01,1,1.380317353,6.475537732,0.232451236,3.041957506
3192,3.4881055,0.14942275,21.1,Female,low,liver,CG02,1,1.380317353,6.475537732,0.232451236,3.041957506
3192,3.4881055,0.14942275,21.1,Female,low,liver,CG03,1,1.380317353,6.475537732,0.232451236,3.041957506
3192,3.4881055,0.14942275,21.1,Female,low,liver,CG04,0,1.380317353,6.475537732,0.232451236,3.041957506
3192,3.4881055,0.14942275,21.1,Female,low,liver,CG05,0,1.380317353,6.475537732,0.232451236,3.041957506
3192,3.4881055,0.14942275,21.1,Female,low,blood,CG01,0,1.380317353,6.475537732,0.232451236,3.041957506
3192,3.4881055,0.14942275,21.1,Female,low,blood,CG02,0,1.380317353,6.475537732,0.232451236,3.041957506
3192,3.4881055,0.14942275,21.1,Female,low,blood,CG03,1,1.380317353,6.475537732,0.232451236,3.041957506
3192,3.4881055,0.14942275,21.1,Female,low,blood,CG04,0,1.380317353,6.475537732,0.232451236,3.041957506
3192,3.4881055,0.14942275,21.1,Female,low,blood,CG05,0,1.380317353,6.475537732,0.232451236,3.041957506
3192,3.4881055,0.14942275,21.1,Female,low,spleen,CG01,0,1.380317353,6.475537732,0.232451236,3.041957506
3192,3.4881055,0.14942275,21.1,Female,low,spleen,CG02,0,1.380317353,6.475537732,0.232451236,3.041957506
3192,3.4881055,0.14942275,21.1,Female,low,spleen,CG03,1,1.380317353,6.475537732,0.232451236,3.041957506
3192,3.4881055,0.14942275,21.1,Female,low,spleen,CG04,0,1.380317353,6.475537732,0.232451236,3.041957506
3192,3.4881055,0.14942275,21.1,Female,low,spleen,CG05,0,1.380317353,6.475537732,0.232451236,3.041957506
