BirdID,Stage,BodyMass,EP,FinalSB,timeday,CGsite,DNAm
3139,Male,27.1,high,2.3243195,0,CG05,NA
3139,Male,27.1,high,2.3243195,0,CG04,NA
3139,Male,27.1,high,2.3243195,0,CG03,NA
3139,Male,27.1,high,2.3243195,0,CG02,NA
3139,Male,27.1,high,2.3243195,0,CG01,NA
3139,Male,27.1,high,2.3243195,0.25,CG05,0
3139,Male,27.1,high,2.3243195,0.25,CG04,0
3139,Male,27.1,high,2.3243195,0.25,CG03,1
3139,Male,27.1,high,2.3243195,0.25,CG02,1
3139,Male,27.1,high,2.3243195,0.25,CG01,1
3139,Male,27.1,high,2.3243195,1,CG05,NA
3139,Male,27.1,high,2.3243195,1,CG04,NA
3139,Male,27.1,high,2.3243195,1,CG03,NA
3139,Male,27.1,high,2.3243195,1,CG02,NA
3139,Male,27.1,high,2.3243195,1,CG01,NA
3139,Male,27.1,high,2.3243195,6,CG05,0
3139,Male,27.1,high,2.3243195,6,CG04,0
3139,Male,27.1,high,2.3243195,6,CG03,0
3139,Male,27.1,high,2.3243195,6,CG02,1
3139,Male,27.1,high,2.3243195,6,CG01,0
3139,Male,27.1,high,2.3243195,9,CG05,0
3139,Male,27.1,high,2.3243195,9,CG04,0
3139,Male,27.1,high,2.3243195,9,CG03,0
3139,Male,27.1,high,2.3243195,9,CG02,1
3139,Male,27.1,high,2.3243195,9,CG01,1
3139,Male,27.1,high,2.3243195,12,CG05,0
3139,Male,27.1,high,2.3243195,12,CG04,0
3139,Male,27.1,high,2.3243195,12,CG03,0
3139,Male,27.1,high,2.3243195,12,CG02,0
3139,Male,27.1,high,2.3243195,12,CG01,0
3139,Male,27.1,high,2.3243195,14,CG05,0
3139,Male,27.1,high,2.3243195,14,CG04,0
3139,Male,27.1,high,2.3243195,14,CG03,0
3139,Male,27.1,high,2.3243195,14,CG02,1
3139,Male,27.1,high,2.3243195,14,CG01,1
3142,Male,23.2,high,1.8977735,0,CG05,0
3142,Male,23.2,high,1.8977735,0,CG04,0
3142,Male,23.2,high,1.8977735,0,CG03,0
3142,Male,23.2,high,1.8977735,0,CG02,1
3142,Male,23.2,high,1.8977735,0,CG01,0
3142,Male,23.2,high,1.8977735,0.25,CG05,NA
3142,Male,23.2,high,1.8977735,0.25,CG04,NA
3142,Male,23.2,high,1.8977735,0.25,CG03,NA
3142,Male,23.2,high,1.8977735,0.25,CG02,NA
3142,Male,23.2,high,1.8977735,0.25,CG01,NA
3142,Male,23.2,high,1.8977735,1,CG05,NA
3142,Male,23.2,high,1.8977735,1,CG04,NA
3142,Male,23.2,high,1.8977735,1,CG03,NA
3142,Male,23.2,high,1.8977735,1,CG02,NA
3142,Male,23.2,high,1.8977735,1,CG01,NA
3142,Male,23.2,high,1.8977735,6,CG05,0
3142,Male,23.2,high,1.8977735,6,CG04,0
3142,Male,23.2,high,1.8977735,6,CG03,1
3142,Male,23.2,high,1.8977735,6,CG02,1
3142,Male,23.2,high,1.8977735,6,CG01,1
3142,Male,23.2,high,1.8977735,9,CG05,0
3142,Male,23.2,high,1.8977735,9,CG04,0
3142,Male,23.2,high,1.8977735,9,CG03,1
3142,Male,23.2,high,1.8977735,9,CG02,0
3142,Male,23.2,high,1.8977735,9,CG01,0
3142,Male,23.2,high,1.8977735,12,CG05,NA
3142,Male,23.2,high,1.8977735,12,CG04,NA
3142,Male,23.2,high,1.8977735,12,CG03,NA
3142,Male,23.2,high,1.8977735,12,CG02,NA
3142,Male,23.2,high,1.8977735,12,CG01,NA
3142,Male,23.2,high,1.8977735,14,CG05,0
3142,Male,23.2,high,1.8977735,14,CG04,0
3142,Male,23.2,high,1.8977735,14,CG03,1
3142,Male,23.2,high,1.8977735,14,CG02,1
3142,Male,23.2,high,1.8977735,14,CG01,0
3144,Juvenile,23,low,2.3585485,0,CG05,0
3144,Juvenile,23,low,2.3585485,0,CG04,0
3144,Juvenile,23,low,2.3585485,0,CG03,0
3144,Juvenile,23,low,2.3585485,0,CG02,0
3144,Juvenile,23,low,2.3585485,0,CG01,0
3144,Juvenile,23,low,2.3585485,0.25,CG05,0
3144,Juvenile,23,low,2.3585485,0.25,CG04,0
3144,Juvenile,23,low,2.3585485,0.25,CG03,0
3144,Juvenile,23,low,2.3585485,0.25,CG02,0
3144,Juvenile,23,low,2.3585485,0.25,CG01,1
3144,Juvenile,23,low,2.3585485,1,CG05,0
3144,Juvenile,23,low,2.3585485,1,CG04,0
3144,Juvenile,23,low,2.3585485,1,CG03,0
3144,Juvenile,23,low,2.3585485,1,CG02,1
3144,Juvenile,23,low,2.3585485,1,CG01,0
3144,Juvenile,23,low,2.3585485,6,CG05,0
3144,Juvenile,23,low,2.3585485,6,CG04,0
3144,Juvenile,23,low,2.3585485,6,CG03,1
3144,Juvenile,23,low,2.3585485,6,CG02,1
3144,Juvenile,23,low,2.3585485,6,CG01,0
3144,Juvenile,23,low,2.3585485,9,CG05,0
3144,Juvenile,23,low,2.3585485,9,CG04,0
3144,Juvenile,23,low,2.3585485,9,CG03,1
3144,Juvenile,23,low,2.3585485,9,CG02,0
3144,Juvenile,23,low,2.3585485,9,CG01,0
3144,Juvenile,23,low,2.3585485,12,CG05,0
3144,Juvenile,23,low,2.3585485,12,CG04,0
3144,Juvenile,23,low,2.3585485,12,CG03,0
3144,Juvenile,23,low,2.3585485,12,CG02,0
3144,Juvenile,23,low,2.3585485,12,CG01,0
3144,Juvenile,23,low,2.3585485,14,CG05,0
3144,Juvenile,23,low,2.3585485,14,CG04,0
3144,Juvenile,23,low,2.3585485,14,CG03,0
3144,Juvenile,23,low,2.3585485,14,CG02,1
3144,Juvenile,23,low,2.3585485,14,CG01,0
3145,Juvenile,19.8,high,1.203978,0,CG05,0
3145,Juvenile,19.8,high,1.203978,0,CG04,0
3145,Juvenile,19.8,high,1.203978,0,CG03,1
3145,Juvenile,19.8,high,1.203978,0,CG02,1
3145,Juvenile,19.8,high,1.203978,0,CG01,1
3145,Juvenile,19.8,high,1.203978,0.25,CG05,NA
3145,Juvenile,19.8,high,1.203978,0.25,CG04,NA
3145,Juvenile,19.8,high,1.203978,0.25,CG03,NA
3145,Juvenile,19.8,high,1.203978,0.25,CG02,NA
3145,Juvenile,19.8,high,1.203978,0.25,CG01,NA
3145,Juvenile,19.8,high,1.203978,1,CG05,0
3145,Juvenile,19.8,high,1.203978,1,CG04,0
3145,Juvenile,19.8,high,1.203978,1,CG03,0
3145,Juvenile,19.8,high,1.203978,1,CG02,1
3145,Juvenile,19.8,high,1.203978,1,CG01,1
3145,Juvenile,19.8,high,1.203978,6,CG05,0
3145,Juvenile,19.8,high,1.203978,6,CG04,0
3145,Juvenile,19.8,high,1.203978,6,CG03,1
3145,Juvenile,19.8,high,1.203978,6,CG02,1
3145,Juvenile,19.8,high,1.203978,6,CG01,1
3145,Juvenile,19.8,high,1.203978,9,CG05,0
3145,Juvenile,19.8,high,1.203978,9,CG04,0
3145,Juvenile,19.8,high,1.203978,9,CG03,1
3145,Juvenile,19.8,high,1.203978,9,CG02,0
3145,Juvenile,19.8,high,1.203978,9,CG01,1
3145,Juvenile,19.8,high,1.203978,12,CG05,0
3145,Juvenile,19.8,high,1.203978,12,CG04,0
3145,Juvenile,19.8,high,1.203978,12,CG03,1
3145,Juvenile,19.8,high,1.203978,12,CG02,1
3145,Juvenile,19.8,high,1.203978,12,CG01,0
3145,Juvenile,19.8,high,1.203978,14,CG05,0
3145,Juvenile,19.8,high,1.203978,14,CG04,0
3145,Juvenile,19.8,high,1.203978,14,CG03,1
3145,Juvenile,19.8,high,1.203978,14,CG02,1
3145,Juvenile,19.8,high,1.203978,14,CG01,1
3150,Female,22.2,high,3.8145975,0,CG05,0
3150,Female,22.2,high,3.8145975,0,CG04,0
3150,Female,22.2,high,3.8145975,0,CG03,0
3150,Female,22.2,high,3.8145975,0,CG02,1
3150,Female,22.2,high,3.8145975,0,CG01,1
3150,Female,22.2,high,3.8145975,0.25,CG05,0
3150,Female,22.2,high,3.8145975,0.25,CG04,0
3150,Female,22.2,high,3.8145975,0.25,CG03,0
3150,Female,22.2,high,3.8145975,0.25,CG02,1
3150,Female,22.2,high,3.8145975,0.25,CG01,0
3150,Female,22.2,high,3.8145975,1,CG05,0
3150,Female,22.2,high,3.8145975,1,CG04,0
3150,Female,22.2,high,3.8145975,1,CG03,1
3150,Female,22.2,high,3.8145975,1,CG02,1
3150,Female,22.2,high,3.8145975,1,CG01,0
3150,Female,22.2,high,3.8145975,6,CG05,NA
3150,Female,22.2,high,3.8145975,6,CG04,NA
3150,Female,22.2,high,3.8145975,6,CG03,NA
3150,Female,22.2,high,3.8145975,6,CG02,NA
3150,Female,22.2,high,3.8145975,6,CG01,NA
3150,Female,22.2,high,3.8145975,9,CG05,0
3150,Female,22.2,high,3.8145975,9,CG04,0
3150,Female,22.2,high,3.8145975,9,CG03,1
3150,Female,22.2,high,3.8145975,9,CG02,1
3150,Female,22.2,high,3.8145975,9,CG01,0
3150,Female,22.2,high,3.8145975,12,CG05,0
3150,Female,22.2,high,3.8145975,12,CG04,0
3150,Female,22.2,high,3.8145975,12,CG03,0
3150,Female,22.2,high,3.8145975,12,CG02,1
3150,Female,22.2,high,3.8145975,12,CG01,0
3150,Female,22.2,high,3.8145975,14,CG05,0
3150,Female,22.2,high,3.8145975,14,CG04,0
3150,Female,22.2,high,3.8145975,14,CG03,1
3150,Female,22.2,high,3.8145975,14,CG02,1
3150,Female,22.2,high,3.8145975,14,CG01,1
3153,Female,24.6,low,1.3000825,0,CG05,0
3153,Female,24.6,low,1.3000825,0,CG04,0
3153,Female,24.6,low,1.3000825,0,CG03,1
3153,Female,24.6,low,1.3000825,0,CG02,0
3153,Female,24.6,low,1.3000825,0,CG01,1
3153,Female,24.6,low,1.3000825,0.25,CG05,0
3153,Female,24.6,low,1.3000825,0.25,CG04,0
3153,Female,24.6,low,1.3000825,0.25,CG03,1
3153,Female,24.6,low,1.3000825,0.25,CG02,1
3153,Female,24.6,low,1.3000825,0.25,CG01,1
3153,Female,24.6,low,1.3000825,1,CG05,0
3153,Female,24.6,low,1.3000825,1,CG04,0
3153,Female,24.6,low,1.3000825,1,CG03,0
3153,Female,24.6,low,1.3000825,1,CG02,0
3153,Female,24.6,low,1.3000825,1,CG01,1
3153,Female,24.6,low,1.3000825,6,CG05,0
3153,Female,24.6,low,1.3000825,6,CG04,0
3153,Female,24.6,low,1.3000825,6,CG03,1
3153,Female,24.6,low,1.3000825,6,CG02,0
3153,Female,24.6,low,1.3000825,6,CG01,0
3153,Female,24.6,low,1.3000825,9,CG05,0
3153,Female,24.6,low,1.3000825,9,CG04,0
3153,Female,24.6,low,1.3000825,9,CG03,0
3153,Female,24.6,low,1.3000825,9,CG02,0
3153,Female,24.6,low,1.3000825,9,CG01,0
3153,Female,24.6,low,1.3000825,12,CG05,0
3153,Female,24.6,low,1.3000825,12,CG04,0
3153,Female,24.6,low,1.3000825,12,CG03,0
3153,Female,24.6,low,1.3000825,12,CG02,0
3153,Female,24.6,low,1.3000825,12,CG01,0
3153,Female,24.6,low,1.3000825,14,CG05,0
3153,Female,24.6,low,1.3000825,14,CG04,0
3153,Female,24.6,low,1.3000825,14,CG03,1
3153,Female,24.6,low,1.3000825,14,CG02,1
3153,Female,24.6,low,1.3000825,14,CG01,1
3154,Male,23.7,low,3.16293,0,CG05,0
3154,Male,23.7,low,3.16293,0,CG04,0
3154,Male,23.7,low,3.16293,0,CG03,0
3154,Male,23.7,low,3.16293,0,CG02,0
3154,Male,23.7,low,3.16293,0,CG01,0
3154,Male,23.7,low,3.16293,0.25,CG05,0
3154,Male,23.7,low,3.16293,0.25,CG04,0
3154,Male,23.7,low,3.16293,0.25,CG03,0
3154,Male,23.7,low,3.16293,0.25,CG02,0
3154,Male,23.7,low,3.16293,0.25,CG01,0
3154,Male,23.7,low,3.16293,1,CG05,0
3154,Male,23.7,low,3.16293,1,CG04,0
3154,Male,23.7,low,3.16293,1,CG03,0
3154,Male,23.7,low,3.16293,1,CG02,0
3154,Male,23.7,low,3.16293,1,CG01,0
3154,Male,23.7,low,3.16293,6,CG05,NA
3154,Male,23.7,low,3.16293,6,CG04,NA
3154,Male,23.7,low,3.16293,6,CG03,NA
3154,Male,23.7,low,3.16293,6,CG02,NA
3154,Male,23.7,low,3.16293,6,CG01,NA
3154,Male,23.7,low,3.16293,9,CG05,0
3154,Male,23.7,low,3.16293,9,CG04,0
3154,Male,23.7,low,3.16293,9,CG03,0
3154,Male,23.7,low,3.16293,9,CG02,1
3154,Male,23.7,low,3.16293,9,CG01,0
3154,Male,23.7,low,3.16293,12,CG05,0
3154,Male,23.7,low,3.16293,12,CG04,0
3154,Male,23.7,low,3.16293,12,CG03,0
3154,Male,23.7,low,3.16293,12,CG02,0
3154,Male,23.7,low,3.16293,12,CG01,1
3154,Male,23.7,low,3.16293,14,CG05,0
3154,Male,23.7,low,3.16293,14,CG04,0
3154,Male,23.7,low,3.16293,14,CG03,1
3154,Male,23.7,low,3.16293,14,CG02,0
3154,Male,23.7,low,3.16293,14,CG01,0
3155,Male,25.3,high,0.837991,0,CG05,0
3155,Male,25.3,high,0.837991,0,CG04,0
3155,Male,25.3,high,0.837991,0,CG03,0
3155,Male,25.3,high,0.837991,0,CG02,0
3155,Male,25.3,high,0.837991,0,CG01,1
3155,Male,25.3,high,0.837991,0.25,CG05,0
3155,Male,25.3,high,0.837991,0.25,CG04,0
3155,Male,25.3,high,0.837991,0.25,CG03,1
3155,Male,25.3,high,0.837991,0.25,CG02,1
3155,Male,25.3,high,0.837991,0.25,CG01,0
3155,Male,25.3,high,0.837991,1,CG05,NA
3155,Male,25.3,high,0.837991,1,CG04,NA
3155,Male,25.3,high,0.837991,1,CG03,NA
3155,Male,25.3,high,0.837991,1,CG02,NA
3155,Male,25.3,high,0.837991,1,CG01,NA
3155,Male,25.3,high,0.837991,6,CG05,0
3155,Male,25.3,high,0.837991,6,CG04,0
3155,Male,25.3,high,0.837991,6,CG03,1
3155,Male,25.3,high,0.837991,6,CG02,1
3155,Male,25.3,high,0.837991,6,CG01,0
3155,Male,25.3,high,0.837991,9,CG05,0
3155,Male,25.3,high,0.837991,9,CG04,0
3155,Male,25.3,high,0.837991,9,CG03,0
3155,Male,25.3,high,0.837991,9,CG02,0
3155,Male,25.3,high,0.837991,9,CG01,0
3155,Male,25.3,high,0.837991,12,CG05,0
3155,Male,25.3,high,0.837991,12,CG04,0
3155,Male,25.3,high,0.837991,12,CG03,0
3155,Male,25.3,high,0.837991,12,CG02,0
3155,Male,25.3,high,0.837991,12,CG01,0
3155,Male,25.3,high,0.837991,14,CG05,0
3155,Male,25.3,high,0.837991,14,CG04,0
3155,Male,25.3,high,0.837991,14,CG03,1
3155,Male,25.3,high,0.837991,14,CG02,1
3155,Male,25.3,high,0.837991,14,CG01,0
3157,Male,20.5,high,2.2821915,0,CG05,0
3157,Male,20.5,high,2.2821915,0,CG04,0
3157,Male,20.5,high,2.2821915,0,CG03,0
3157,Male,20.5,high,2.2821915,0,CG02,1
3157,Male,20.5,high,2.2821915,0,CG01,1
3157,Male,20.5,high,2.2821915,0.25,CG05,0
3157,Male,20.5,high,2.2821915,0.25,CG04,0
3157,Male,20.5,high,2.2821915,0.25,CG03,0
3157,Male,20.5,high,2.2821915,0.25,CG02,0
3157,Male,20.5,high,2.2821915,0.25,CG01,1
3157,Male,20.5,high,2.2821915,1,CG05,1
3157,Male,20.5,high,2.2821915,1,CG04,0
3157,Male,20.5,high,2.2821915,1,CG03,1
3157,Male,20.5,high,2.2821915,1,CG02,1
3157,Male,20.5,high,2.2821915,1,CG01,0
3157,Male,20.5,high,2.2821915,6,CG05,0
3157,Male,20.5,high,2.2821915,6,CG04,0
3157,Male,20.5,high,2.2821915,6,CG03,0
3157,Male,20.5,high,2.2821915,6,CG02,0
3157,Male,20.5,high,2.2821915,6,CG01,0
3157,Male,20.5,high,2.2821915,9,CG05,0
3157,Male,20.5,high,2.2821915,9,CG04,0
3157,Male,20.5,high,2.2821915,9,CG03,0
3157,Male,20.5,high,2.2821915,9,CG02,1
3157,Male,20.5,high,2.2821915,9,CG01,0
3157,Male,20.5,high,2.2821915,12,CG05,0
3157,Male,20.5,high,2.2821915,12,CG04,0
3157,Male,20.5,high,2.2821915,12,CG03,0
3157,Male,20.5,high,2.2821915,12,CG02,0
3157,Male,20.5,high,2.2821915,12,CG01,0
3157,Male,20.5,high,2.2821915,14,CG05,0
3157,Male,20.5,high,2.2821915,14,CG04,0
3157,Male,20.5,high,2.2821915,14,CG03,1
3157,Male,20.5,high,2.2821915,14,CG02,0
3157,Male,20.5,high,2.2821915,14,CG01,0
3158,Male,21.7,high,3.5828935,0,CG05,0
3158,Male,21.7,high,3.5828935,0,CG04,0
3158,Male,21.7,high,3.5828935,0,CG03,0
3158,Male,21.7,high,3.5828935,0,CG02,1
3158,Male,21.7,high,3.5828935,0,CG01,1
3158,Male,21.7,high,3.5828935,0.25,CG05,0
3158,Male,21.7,high,3.5828935,0.25,CG04,0
3158,Male,21.7,high,3.5828935,0.25,CG03,0
3158,Male,21.7,high,3.5828935,0.25,CG02,0
3158,Male,21.7,high,3.5828935,0.25,CG01,0
3158,Male,21.7,high,3.5828935,1,CG05,0
3158,Male,21.7,high,3.5828935,1,CG04,0
3158,Male,21.7,high,3.5828935,1,CG03,0
3158,Male,21.7,high,3.5828935,1,CG02,0
3158,Male,21.7,high,3.5828935,1,CG01,1
3158,Male,21.7,high,3.5828935,6,CG05,0
3158,Male,21.7,high,3.5828935,6,CG04,0
3158,Male,21.7,high,3.5828935,6,CG03,1
3158,Male,21.7,high,3.5828935,6,CG02,1
3158,Male,21.7,high,3.5828935,6,CG01,0
3158,Male,21.7,high,3.5828935,9,CG05,0
3158,Male,21.7,high,3.5828935,9,CG04,0
3158,Male,21.7,high,3.5828935,9,CG03,1
3158,Male,21.7,high,3.5828935,9,CG02,0
3158,Male,21.7,high,3.5828935,9,CG01,0
3158,Male,21.7,high,3.5828935,12,CG05,0
3158,Male,21.7,high,3.5828935,12,CG04,0
3158,Male,21.7,high,3.5828935,12,CG03,1
3158,Male,21.7,high,3.5828935,12,CG02,1
3158,Male,21.7,high,3.5828935,12,CG01,0
3158,Male,21.7,high,3.5828935,14,CG05,0
3158,Male,21.7,high,3.5828935,14,CG04,0
3158,Male,21.7,high,3.5828935,14,CG03,1
3158,Male,21.7,high,3.5828935,14,CG02,0
3158,Male,21.7,high,3.5828935,14,CG01,0
3159,NA,NA,NA,3.1194855,0,CG05,0
3159,NA,NA,NA,3.1194855,0,CG04,0
3159,NA,NA,NA,3.1194855,0,CG03,1
3159,NA,NA,NA,3.1194855,0,CG02,1
3159,NA,NA,NA,3.1194855,0,CG01,1
3159,NA,NA,NA,3.1194855,0.25,CG05,0
3159,NA,NA,NA,3.1194855,0.25,CG04,0
3159,NA,NA,NA,3.1194855,0.25,CG03,1
3159,NA,NA,NA,3.1194855,0.25,CG02,0
3159,NA,NA,NA,3.1194855,0.25,CG01,1
3159,NA,NA,NA,3.1194855,1,CG05,0
3159,NA,NA,NA,3.1194855,1,CG04,0
3159,NA,NA,NA,3.1194855,1,CG03,1
3159,NA,NA,NA,3.1194855,1,CG02,1
3159,NA,NA,NA,3.1194855,1,CG01,0
3159,NA,NA,NA,3.1194855,6,CG05,0
3159,NA,NA,NA,3.1194855,6,CG04,0
3159,NA,NA,NA,3.1194855,6,CG03,1
3159,NA,NA,NA,3.1194855,6,CG02,1
3159,NA,NA,NA,3.1194855,6,CG01,0
3159,NA,NA,NA,3.1194855,9,CG05,0
3159,NA,NA,NA,3.1194855,9,CG04,0
3159,NA,NA,NA,3.1194855,9,CG03,0
3159,NA,NA,NA,3.1194855,9,CG02,0
3159,NA,NA,NA,3.1194855,9,CG01,1
3159,NA,NA,NA,3.1194855,12,CG05,0
3159,NA,NA,NA,3.1194855,12,CG04,0
3159,NA,NA,NA,3.1194855,12,CG03,0
3159,NA,NA,NA,3.1194855,12,CG02,1
3159,NA,NA,NA,3.1194855,12,CG01,0
3159,NA,NA,NA,3.1194855,14,CG05,0
3159,NA,NA,NA,3.1194855,14,CG04,0
3159,NA,NA,NA,3.1194855,14,CG03,1
3159,NA,NA,NA,3.1194855,14,CG02,0
3159,NA,NA,NA,3.1194855,14,CG01,0
3160,Female,23.5,high,1.5291535,0,CG05,0
3160,Female,23.5,high,1.5291535,0,CG04,0
3160,Female,23.5,high,1.5291535,0,CG03,1
3160,Female,23.5,high,1.5291535,0,CG02,1
3160,Female,23.5,high,1.5291535,0,CG01,0
3160,Female,23.5,high,1.5291535,0.25,CG05,0
3160,Female,23.5,high,1.5291535,0.25,CG04,0
3160,Female,23.5,high,1.5291535,0.25,CG03,0
3160,Female,23.5,high,1.5291535,0.25,CG02,0
3160,Female,23.5,high,1.5291535,0.25,CG01,1
3160,Female,23.5,high,1.5291535,1,CG05,0
3160,Female,23.5,high,1.5291535,1,CG04,0
3160,Female,23.5,high,1.5291535,1,CG03,1
3160,Female,23.5,high,1.5291535,1,CG02,1
3160,Female,23.5,high,1.5291535,1,CG01,0
3160,Female,23.5,high,1.5291535,6,CG05,0
3160,Female,23.5,high,1.5291535,6,CG04,0
3160,Female,23.5,high,1.5291535,6,CG03,1
3160,Female,23.5,high,1.5291535,6,CG02,0
3160,Female,23.5,high,1.5291535,6,CG01,0
3160,Female,23.5,high,1.5291535,9,CG05,0
3160,Female,23.5,high,1.5291535,9,CG04,0
3160,Female,23.5,high,1.5291535,9,CG03,0
3160,Female,23.5,high,1.5291535,9,CG02,0
3160,Female,23.5,high,1.5291535,9,CG01,1
3160,Female,23.5,high,1.5291535,12,CG05,0
3160,Female,23.5,high,1.5291535,12,CG04,0
3160,Female,23.5,high,1.5291535,12,CG03,0
3160,Female,23.5,high,1.5291535,12,CG02,0
3160,Female,23.5,high,1.5291535,12,CG01,0
3160,Female,23.5,high,1.5291535,14,CG05,0
3160,Female,23.5,high,1.5291535,14,CG04,0
3160,Female,23.5,high,1.5291535,14,CG03,0
3160,Female,23.5,high,1.5291535,14,CG02,0
3160,Female,23.5,high,1.5291535,14,CG01,0
3162,Male,20.4,low,2.7850945,0,CG05,NA
3162,Male,20.4,low,2.7850945,0,CG04,NA
3162,Male,20.4,low,2.7850945,0,CG03,NA
3162,Male,20.4,low,2.7850945,0,CG02,NA
3162,Male,20.4,low,2.7850945,0,CG01,NA
3162,Male,20.4,low,2.7850945,0.25,CG05,0
3162,Male,20.4,low,2.7850945,0.25,CG04,0
3162,Male,20.4,low,2.7850945,0.25,CG03,1
3162,Male,20.4,low,2.7850945,0.25,CG02,0
3162,Male,20.4,low,2.7850945,0.25,CG01,1
3162,Male,20.4,low,2.7850945,1,CG05,0
3162,Male,20.4,low,2.7850945,1,CG04,0
3162,Male,20.4,low,2.7850945,1,CG03,0
3162,Male,20.4,low,2.7850945,1,CG02,0
3162,Male,20.4,low,2.7850945,1,CG01,0
3162,Male,20.4,low,2.7850945,6,CG05,0
3162,Male,20.4,low,2.7850945,6,CG04,0
3162,Male,20.4,low,2.7850945,6,CG03,0
3162,Male,20.4,low,2.7850945,6,CG02,0
3162,Male,20.4,low,2.7850945,6,CG01,0
3162,Male,20.4,low,2.7850945,9,CG05,0
3162,Male,20.4,low,2.7850945,9,CG04,0
3162,Male,20.4,low,2.7850945,9,CG03,0
3162,Male,20.4,low,2.7850945,9,CG02,1
3162,Male,20.4,low,2.7850945,9,CG01,1
3162,Male,20.4,low,2.7850945,12,CG05,0
3162,Male,20.4,low,2.7850945,12,CG04,0
3162,Male,20.4,low,2.7850945,12,CG03,0
3162,Male,20.4,low,2.7850945,12,CG02,0
3162,Male,20.4,low,2.7850945,12,CG01,0
3162,Male,20.4,low,2.7850945,14,CG05,0
3162,Male,20.4,low,2.7850945,14,CG04,0
3162,Male,20.4,low,2.7850945,14,CG03,0
3162,Male,20.4,low,2.7850945,14,CG02,0
3162,Male,20.4,low,2.7850945,14,CG01,0
3163,Female,19.6,low,2.954923,0,CG05,0
3163,Female,19.6,low,2.954923,0,CG04,0
3163,Female,19.6,low,2.954923,0,CG03,0
3163,Female,19.6,low,2.954923,0,CG02,0
3163,Female,19.6,low,2.954923,0,CG01,0
3163,Female,19.6,low,2.954923,0.25,CG05,0
3163,Female,19.6,low,2.954923,0.25,CG04,0
3163,Female,19.6,low,2.954923,0.25,CG03,1
3163,Female,19.6,low,2.954923,0.25,CG02,1
3163,Female,19.6,low,2.954923,0.25,CG01,1
3163,Female,19.6,low,2.954923,1,CG05,NA
3163,Female,19.6,low,2.954923,1,CG04,NA
3163,Female,19.6,low,2.954923,1,CG03,NA
3163,Female,19.6,low,2.954923,1,CG02,NA
3163,Female,19.6,low,2.954923,1,CG01,NA
3163,Female,19.6,low,2.954923,6,CG05,0
3163,Female,19.6,low,2.954923,6,CG04,0
3163,Female,19.6,low,2.954923,6,CG03,1
3163,Female,19.6,low,2.954923,6,CG02,1
3163,Female,19.6,low,2.954923,6,CG01,1
3163,Female,19.6,low,2.954923,9,CG05,0
3163,Female,19.6,low,2.954923,9,CG04,0
3163,Female,19.6,low,2.954923,9,CG03,1
3163,Female,19.6,low,2.954923,9,CG02,1
3163,Female,19.6,low,2.954923,9,CG01,0
3163,Female,19.6,low,2.954923,12,CG05,NA
3163,Female,19.6,low,2.954923,12,CG04,NA
3163,Female,19.6,low,2.954923,12,CG03,NA
3163,Female,19.6,low,2.954923,12,CG02,NA
3163,Female,19.6,low,2.954923,12,CG01,NA
3163,Female,19.6,low,2.954923,14,CG05,0
3163,Female,19.6,low,2.954923,14,CG04,0
3163,Female,19.6,low,2.954923,14,CG03,1
3163,Female,19.6,low,2.954923,14,CG02,1
3163,Female,19.6,low,2.954923,14,CG01,0
3166,Female,21.3,low,3.181361,0,CG05,NA
3166,Female,21.3,low,3.181361,0,CG04,NA
3166,Female,21.3,low,3.181361,0,CG03,NA
3166,Female,21.3,low,3.181361,0,CG02,NA
3166,Female,21.3,low,3.181361,0,CG01,NA
3166,Female,21.3,low,3.181361,0.25,CG05,0
3166,Female,21.3,low,3.181361,0.25,CG04,0
3166,Female,21.3,low,3.181361,0.25,CG03,0
3166,Female,21.3,low,3.181361,0.25,CG02,0
3166,Female,21.3,low,3.181361,0.25,CG01,0
3166,Female,21.3,low,3.181361,1,CG05,0
3166,Female,21.3,low,3.181361,1,CG04,0
3166,Female,21.3,low,3.181361,1,CG03,1
3166,Female,21.3,low,3.181361,1,CG02,0
3166,Female,21.3,low,3.181361,1,CG01,0
3166,Female,21.3,low,3.181361,6,CG05,0
3166,Female,21.3,low,3.181361,6,CG04,0
3166,Female,21.3,low,3.181361,6,CG03,1
3166,Female,21.3,low,3.181361,6,CG02,0
3166,Female,21.3,low,3.181361,6,CG01,0
3166,Female,21.3,low,3.181361,9,CG05,0
3166,Female,21.3,low,3.181361,9,CG04,0
3166,Female,21.3,low,3.181361,9,CG03,1
3166,Female,21.3,low,3.181361,9,CG02,0
3166,Female,21.3,low,3.181361,9,CG01,0
3166,Female,21.3,low,3.181361,12,CG05,0
3166,Female,21.3,low,3.181361,12,CG04,0
3166,Female,21.3,low,3.181361,12,CG03,1
3166,Female,21.3,low,3.181361,12,CG02,0
3166,Female,21.3,low,3.181361,12,CG01,1
3166,Female,21.3,low,3.181361,14,CG05,0
3166,Female,21.3,low,3.181361,14,CG04,0
3166,Female,21.3,low,3.181361,14,CG03,1
3166,Female,21.3,low,3.181361,14,CG02,0
3166,Female,21.3,low,3.181361,14,CG01,0
3167,Juvenile,21.5,high,1.875393,0,CG05,0
3167,Juvenile,21.5,high,1.875393,0,CG04,0
3167,Juvenile,21.5,high,1.875393,0,CG03,1
3167,Juvenile,21.5,high,1.875393,0,CG02,1
3167,Juvenile,21.5,high,1.875393,0,CG01,1
3167,Juvenile,21.5,high,1.875393,0.25,CG05,0
3167,Juvenile,21.5,high,1.875393,0.25,CG04,0
3167,Juvenile,21.5,high,1.875393,0.25,CG03,0
3167,Juvenile,21.5,high,1.875393,0.25,CG02,1
3167,Juvenile,21.5,high,1.875393,0.25,CG01,1
3167,Juvenile,21.5,high,1.875393,1,CG05,0
3167,Juvenile,21.5,high,1.875393,1,CG04,0
3167,Juvenile,21.5,high,1.875393,1,CG03,1
3167,Juvenile,21.5,high,1.875393,1,CG02,1
3167,Juvenile,21.5,high,1.875393,1,CG01,1
3167,Juvenile,21.5,high,1.875393,6,CG05,0
3167,Juvenile,21.5,high,1.875393,6,CG04,0
3167,Juvenile,21.5,high,1.875393,6,CG03,1
3167,Juvenile,21.5,high,1.875393,6,CG02,1
3167,Juvenile,21.5,high,1.875393,6,CG01,1
3167,Juvenile,21.5,high,1.875393,9,CG05,0
3167,Juvenile,21.5,high,1.875393,9,CG04,0
3167,Juvenile,21.5,high,1.875393,9,CG03,1
3167,Juvenile,21.5,high,1.875393,9,CG02,1
3167,Juvenile,21.5,high,1.875393,9,CG01,1
3167,Juvenile,21.5,high,1.875393,12,CG05,0
3167,Juvenile,21.5,high,1.875393,12,CG04,0
3167,Juvenile,21.5,high,1.875393,12,CG03,1
3167,Juvenile,21.5,high,1.875393,12,CG02,0
3167,Juvenile,21.5,high,1.875393,12,CG01,1
3167,Juvenile,21.5,high,1.875393,14,CG05,0
3167,Juvenile,21.5,high,1.875393,14,CG04,0
3167,Juvenile,21.5,high,1.875393,14,CG03,1
3167,Juvenile,21.5,high,1.875393,14,CG02,1
3167,Juvenile,21.5,high,1.875393,14,CG01,1
3168,Male,22,low,2.251912,0,CG05,0
3168,Male,22,low,2.251912,0,CG04,0
3168,Male,22,low,2.251912,0,CG03,1
3168,Male,22,low,2.251912,0,CG02,1
3168,Male,22,low,2.251912,0,CG01,1
3168,Male,22,low,2.251912,0.25,CG05,0
3168,Male,22,low,2.251912,0.25,CG04,0
3168,Male,22,low,2.251912,0.25,CG03,1
3168,Male,22,low,2.251912,0.25,CG02,1
3168,Male,22,low,2.251912,0.25,CG01,1
3168,Male,22,low,2.251912,1,CG05,0
3168,Male,22,low,2.251912,1,CG04,0
3168,Male,22,low,2.251912,1,CG03,1
3168,Male,22,low,2.251912,1,CG02,1
3168,Male,22,low,2.251912,1,CG01,1
3168,Male,22,low,2.251912,6,CG05,0
3168,Male,22,low,2.251912,6,CG04,0
3168,Male,22,low,2.251912,6,CG03,0
3168,Male,22,low,2.251912,6,CG02,1
3168,Male,22,low,2.251912,6,CG01,1
3168,Male,22,low,2.251912,9,CG05,0
3168,Male,22,low,2.251912,9,CG04,0
3168,Male,22,low,2.251912,9,CG03,0
3168,Male,22,low,2.251912,9,CG02,1
3168,Male,22,low,2.251912,9,CG01,1
3168,Male,22,low,2.251912,12,CG05,0
3168,Male,22,low,2.251912,12,CG04,0
3168,Male,22,low,2.251912,12,CG03,0
3168,Male,22,low,2.251912,12,CG02,0
3168,Male,22,low,2.251912,12,CG01,0
3168,Male,22,low,2.251912,14,CG05,0
3168,Male,22,low,2.251912,14,CG04,0
3168,Male,22,low,2.251912,14,CG03,1
3168,Male,22,low,2.251912,14,CG02,1
3168,Male,22,low,2.251912,14,CG01,0
3170,Male,24.3,low,3.660567,0,CG05,NA
3170,Male,24.3,low,3.660567,0,CG04,NA
3170,Male,24.3,low,3.660567,0,CG03,NA
3170,Male,24.3,low,3.660567,0,CG02,NA
3170,Male,24.3,low,3.660567,0,CG01,NA
3170,Male,24.3,low,3.660567,0.25,CG05,0
3170,Male,24.3,low,3.660567,0.25,CG04,0
3170,Male,24.3,low,3.660567,0.25,CG03,1
3170,Male,24.3,low,3.660567,0.25,CG02,1
3170,Male,24.3,low,3.660567,0.25,CG01,1
3170,Male,24.3,low,3.660567,1,CG05,0
3170,Male,24.3,low,3.660567,1,CG04,0
3170,Male,24.3,low,3.660567,1,CG03,1
3170,Male,24.3,low,3.660567,1,CG02,1
3170,Male,24.3,low,3.660567,1,CG01,1
3170,Male,24.3,low,3.660567,6,CG05,0
3170,Male,24.3,low,3.660567,6,CG04,0
3170,Male,24.3,low,3.660567,6,CG03,1
3170,Male,24.3,low,3.660567,6,CG02,1
3170,Male,24.3,low,3.660567,6,CG01,1
3170,Male,24.3,low,3.660567,9,CG05,0
3170,Male,24.3,low,3.660567,9,CG04,0
3170,Male,24.3,low,3.660567,9,CG03,1
3170,Male,24.3,low,3.660567,9,CG02,0
3170,Male,24.3,low,3.660567,9,CG01,1
3170,Male,24.3,low,3.660567,12,CG05,0
3170,Male,24.3,low,3.660567,12,CG04,0
3170,Male,24.3,low,3.660567,12,CG03,1
3170,Male,24.3,low,3.660567,12,CG02,0
3170,Male,24.3,low,3.660567,12,CG01,0
3170,Male,24.3,low,3.660567,14,CG05,0
3170,Male,24.3,low,3.660567,14,CG04,0
3170,Male,24.3,low,3.660567,14,CG03,1
3170,Male,24.3,low,3.660567,14,CG02,0
3170,Male,24.3,low,3.660567,14,CG01,1
3171,Juvenile,20.2,high,4.342514,0,CG05,0
3171,Juvenile,20.2,high,4.342514,0,CG04,0
3171,Juvenile,20.2,high,4.342514,0,CG03,1
3171,Juvenile,20.2,high,4.342514,0,CG02,1
3171,Juvenile,20.2,high,4.342514,0,CG01,0
3171,Juvenile,20.2,high,4.342514,0.25,CG05,0
3171,Juvenile,20.2,high,4.342514,0.25,CG04,0
3171,Juvenile,20.2,high,4.342514,0.25,CG03,0
3171,Juvenile,20.2,high,4.342514,0.25,CG02,0
3171,Juvenile,20.2,high,4.342514,0.25,CG01,0
3171,Juvenile,20.2,high,4.342514,1,CG05,NA
3171,Juvenile,20.2,high,4.342514,1,CG04,NA
3171,Juvenile,20.2,high,4.342514,1,CG03,1
3171,Juvenile,20.2,high,4.342514,1,CG02,1
3171,Juvenile,20.2,high,4.342514,1,CG01,0
3171,Juvenile,20.2,high,4.342514,6,CG05,0
3171,Juvenile,20.2,high,4.342514,6,CG04,0
3171,Juvenile,20.2,high,4.342514,6,CG03,1
3171,Juvenile,20.2,high,4.342514,6,CG02,1
3171,Juvenile,20.2,high,4.342514,6,CG01,1
3171,Juvenile,20.2,high,4.342514,9,CG05,0
3171,Juvenile,20.2,high,4.342514,9,CG04,0
3171,Juvenile,20.2,high,4.342514,9,CG03,0
3171,Juvenile,20.2,high,4.342514,9,CG02,1
3171,Juvenile,20.2,high,4.342514,9,CG01,1
3171,Juvenile,20.2,high,4.342514,12,CG05,0
3171,Juvenile,20.2,high,4.342514,12,CG04,0
3171,Juvenile,20.2,high,4.342514,12,CG03,1
3171,Juvenile,20.2,high,4.342514,12,CG02,1
3171,Juvenile,20.2,high,4.342514,12,CG01,0
3171,Juvenile,20.2,high,4.342514,14,CG05,0
3171,Juvenile,20.2,high,4.342514,14,CG04,0
3171,Juvenile,20.2,high,4.342514,14,CG03,0
3171,Juvenile,20.2,high,4.342514,14,CG02,1
3171,Juvenile,20.2,high,4.342514,14,CG01,1
3174,Male,24.1,high,4.258258,0,CG05,0
3174,Male,24.1,high,4.258258,0,CG04,0
3174,Male,24.1,high,4.258258,0,CG03,1
3174,Male,24.1,high,4.258258,0,CG02,1
3174,Male,24.1,high,4.258258,0,CG01,0
3174,Male,24.1,high,4.258258,0.25,CG05,0
3174,Male,24.1,high,4.258258,0.25,CG04,0
3174,Male,24.1,high,4.258258,0.25,CG03,0
3174,Male,24.1,high,4.258258,0.25,CG02,1
3174,Male,24.1,high,4.258258,0.25,CG01,0
3174,Male,24.1,high,4.258258,1,CG05,NA
3174,Male,24.1,high,4.258258,1,CG04,NA
3174,Male,24.1,high,4.258258,1,CG03,NA
3174,Male,24.1,high,4.258258,1,CG02,NA
3174,Male,24.1,high,4.258258,1,CG01,NA
3174,Male,24.1,high,4.258258,6,CG05,0
3174,Male,24.1,high,4.258258,6,CG04,0
3174,Male,24.1,high,4.258258,6,CG03,1
3174,Male,24.1,high,4.258258,6,CG02,1
3174,Male,24.1,high,4.258258,6,CG01,0
3174,Male,24.1,high,4.258258,9,CG05,0
3174,Male,24.1,high,4.258258,9,CG04,0
3174,Male,24.1,high,4.258258,9,CG03,1
3174,Male,24.1,high,4.258258,9,CG02,1
3174,Male,24.1,high,4.258258,9,CG01,1
3174,Male,24.1,high,4.258258,12,CG05,0
3174,Male,24.1,high,4.258258,12,CG04,0
3174,Male,24.1,high,4.258258,12,CG03,1
3174,Male,24.1,high,4.258258,12,CG02,1
3174,Male,24.1,high,4.258258,12,CG01,0
3174,Male,24.1,high,4.258258,14,CG05,0
3174,Male,24.1,high,4.258258,14,CG04,0
3174,Male,24.1,high,4.258258,14,CG03,1
3174,Male,24.1,high,4.258258,14,CG02,1
3174,Male,24.1,high,4.258258,14,CG01,0
3176,Male,NA,low,3.1537145,0,CG05,0
3176,Male,NA,low,3.1537145,0,CG04,0
3176,Male,NA,low,3.1537145,0,CG03,1
3176,Male,NA,low,3.1537145,0,CG02,0
3176,Male,NA,low,3.1537145,0,CG01,0
3176,Male,NA,low,3.1537145,0.25,CG05,0
3176,Male,NA,low,3.1537145,0.25,CG04,0
3176,Male,NA,low,3.1537145,0.25,CG03,1
3176,Male,NA,low,3.1537145,0.25,CG02,1
3176,Male,NA,low,3.1537145,0.25,CG01,1
3176,Male,NA,low,3.1537145,1,CG05,0
3176,Male,NA,low,3.1537145,1,CG04,0
3176,Male,NA,low,3.1537145,1,CG03,1
3176,Male,NA,low,3.1537145,1,CG02,1
3176,Male,NA,low,3.1537145,1,CG01,1
3176,Male,NA,low,3.1537145,6,CG05,0
3176,Male,NA,low,3.1537145,6,CG04,0
3176,Male,NA,low,3.1537145,6,CG03,1
3176,Male,NA,low,3.1537145,6,CG02,0
3176,Male,NA,low,3.1537145,6,CG01,1
3176,Male,NA,low,3.1537145,9,CG05,0
3176,Male,NA,low,3.1537145,9,CG04,0
3176,Male,NA,low,3.1537145,9,CG03,1
3176,Male,NA,low,3.1537145,9,CG02,0
3176,Male,NA,low,3.1537145,9,CG01,1
3176,Male,NA,low,3.1537145,12,CG05,0
3176,Male,NA,low,3.1537145,12,CG04,0
3176,Male,NA,low,3.1537145,12,CG03,1
3176,Male,NA,low,3.1537145,12,CG02,0
3176,Male,NA,low,3.1537145,12,CG01,1
3176,Male,NA,low,3.1537145,14,CG05,NA
3176,Male,NA,low,3.1537145,14,CG04,NA
3176,Male,NA,low,3.1537145,14,CG03,NA
3176,Male,NA,low,3.1537145,14,CG02,NA
3176,Male,NA,low,3.1537145,14,CG01,NA
3178,Male,23.2,high,3.223489,0,CG05,0
3178,Male,23.2,high,3.223489,0,CG04,0
3178,Male,23.2,high,3.223489,0,CG03,1
3178,Male,23.2,high,3.223489,0,CG02,1
3178,Male,23.2,high,3.223489,0,CG01,1
3178,Male,23.2,high,3.223489,0.25,CG05,1
3178,Male,23.2,high,3.223489,0.25,CG04,0
3178,Male,23.2,high,3.223489,0.25,CG03,1
3178,Male,23.2,high,3.223489,0.25,CG02,1
3178,Male,23.2,high,3.223489,0.25,CG01,1
3178,Male,23.2,high,3.223489,1,CG05,0
3178,Male,23.2,high,3.223489,1,CG04,0
3178,Male,23.2,high,3.223489,1,CG03,1
3178,Male,23.2,high,3.223489,1,CG02,1
3178,Male,23.2,high,3.223489,1,CG01,0
3178,Male,23.2,high,3.223489,6,CG05,NA
3178,Male,23.2,high,3.223489,6,CG04,NA
3178,Male,23.2,high,3.223489,6,CG03,NA
3178,Male,23.2,high,3.223489,6,CG02,NA
3178,Male,23.2,high,3.223489,6,CG01,NA
3178,Male,23.2,high,3.223489,9,CG05,0
3178,Male,23.2,high,3.223489,9,CG04,0
3178,Male,23.2,high,3.223489,9,CG03,1
3178,Male,23.2,high,3.223489,9,CG02,0
3178,Male,23.2,high,3.223489,9,CG01,0
3178,Male,23.2,high,3.223489,12,CG05,0
3178,Male,23.2,high,3.223489,12,CG04,0
3178,Male,23.2,high,3.223489,12,CG03,1
3178,Male,23.2,high,3.223489,12,CG02,1
3178,Male,23.2,high,3.223489,12,CG01,1
3178,Male,23.2,high,3.223489,14,CG05,0
3178,Male,23.2,high,3.223489,14,CG04,0
3178,Male,23.2,high,3.223489,14,CG03,0
3178,Male,23.2,high,3.223489,14,CG02,1
3178,Male,23.2,high,3.223489,14,CG01,1
3179,Male,21.5,high,2.199252,0,CG05,0
3179,Male,21.5,high,2.199252,0,CG04,0
3179,Male,21.5,high,2.199252,0,CG03,1
3179,Male,21.5,high,2.199252,0,CG02,1
3179,Male,21.5,high,2.199252,0,CG01,0
3179,Male,21.5,high,2.199252,0.25,CG05,0
3179,Male,21.5,high,2.199252,0.25,CG04,0
3179,Male,21.5,high,2.199252,0.25,CG03,1
3179,Male,21.5,high,2.199252,0.25,CG02,1
3179,Male,21.5,high,2.199252,0.25,CG01,1
3179,Male,21.5,high,2.199252,1,CG05,0
3179,Male,21.5,high,2.199252,1,CG04,0
3179,Male,21.5,high,2.199252,1,CG03,1
3179,Male,21.5,high,2.199252,1,CG02,1
3179,Male,21.5,high,2.199252,1,CG01,1
3179,Male,21.5,high,2.199252,6,CG05,0
3179,Male,21.5,high,2.199252,6,CG04,0
3179,Male,21.5,high,2.199252,6,CG03,1
3179,Male,21.5,high,2.199252,6,CG02,1
3179,Male,21.5,high,2.199252,6,CG01,0
3179,Male,21.5,high,2.199252,9,CG05,0
3179,Male,21.5,high,2.199252,9,CG04,0
3179,Male,21.5,high,2.199252,9,CG03,0
3179,Male,21.5,high,2.199252,9,CG02,0
3179,Male,21.5,high,2.199252,9,CG01,0
3179,Male,21.5,high,2.199252,12,CG05,0
3179,Male,21.5,high,2.199252,12,CG04,0
3179,Male,21.5,high,2.199252,12,CG03,1
3179,Male,21.5,high,2.199252,12,CG02,1
3179,Male,21.5,high,2.199252,12,CG01,0
3179,Male,21.5,high,2.199252,14,CG05,0
3179,Male,21.5,high,2.199252,14,CG04,0
3179,Male,21.5,high,2.199252,14,CG03,1
3179,Male,21.5,high,2.199252,14,CG02,1
3179,Male,21.5,high,2.199252,14,CG01,0
3180,Juvenile,22.2,low,2.8482865,0,CG05,0
3180,Juvenile,22.2,low,2.8482865,0,CG04,0
3180,Juvenile,22.2,low,2.8482865,0,CG03,0
3180,Juvenile,22.2,low,2.8482865,0,CG02,0
3180,Juvenile,22.2,low,2.8482865,0,CG01,0
3180,Juvenile,22.2,low,2.8482865,0.25,CG05,0
3180,Juvenile,22.2,low,2.8482865,0.25,CG04,0
3180,Juvenile,22.2,low,2.8482865,0.25,CG03,1
3180,Juvenile,22.2,low,2.8482865,0.25,CG02,0
3180,Juvenile,22.2,low,2.8482865,0.25,CG01,1
3180,Juvenile,22.2,low,2.8482865,1,CG05,0
3180,Juvenile,22.2,low,2.8482865,1,CG04,0
3180,Juvenile,22.2,low,2.8482865,1,CG03,0
3180,Juvenile,22.2,low,2.8482865,1,CG02,0
3180,Juvenile,22.2,low,2.8482865,1,CG01,1
3180,Juvenile,22.2,low,2.8482865,6,CG05,0
3180,Juvenile,22.2,low,2.8482865,6,CG04,0
3180,Juvenile,22.2,low,2.8482865,6,CG03,0
3180,Juvenile,22.2,low,2.8482865,6,CG02,0
3180,Juvenile,22.2,low,2.8482865,6,CG01,0
3180,Juvenile,22.2,low,2.8482865,9,CG05,0
3180,Juvenile,22.2,low,2.8482865,9,CG04,0
3180,Juvenile,22.2,low,2.8482865,9,CG03,0
3180,Juvenile,22.2,low,2.8482865,9,CG02,0
3180,Juvenile,22.2,low,2.8482865,9,CG01,0
3180,Juvenile,22.2,low,2.8482865,12,CG05,0
3180,Juvenile,22.2,low,2.8482865,12,CG04,0
3180,Juvenile,22.2,low,2.8482865,12,CG03,1
3180,Juvenile,22.2,low,2.8482865,12,CG02,0
3180,Juvenile,22.2,low,2.8482865,12,CG01,0
3180,Juvenile,22.2,low,2.8482865,14,CG05,0
3180,Juvenile,22.2,low,2.8482865,14,CG04,0
3180,Juvenile,22.2,low,2.8482865,14,CG03,0
3180,Juvenile,22.2,low,2.8482865,14,CG02,0
3180,Juvenile,22.2,low,2.8482865,14,CG01,1
3181,Juvenile,23.8,low,3.5381325,0,CG05,0
3181,Juvenile,23.8,low,3.5381325,0,CG04,0
3181,Juvenile,23.8,low,3.5381325,0,CG03,1
3181,Juvenile,23.8,low,3.5381325,0,CG02,0
3181,Juvenile,23.8,low,3.5381325,0,CG01,1
3181,Juvenile,23.8,low,3.5381325,0.25,CG05,0
3181,Juvenile,23.8,low,3.5381325,0.25,CG04,0
3181,Juvenile,23.8,low,3.5381325,0.25,CG03,1
3181,Juvenile,23.8,low,3.5381325,0.25,CG02,0
3181,Juvenile,23.8,low,3.5381325,0.25,CG01,0
3181,Juvenile,23.8,low,3.5381325,1,CG05,0
3181,Juvenile,23.8,low,3.5381325,1,CG04,0
3181,Juvenile,23.8,low,3.5381325,1,CG03,1
3181,Juvenile,23.8,low,3.5381325,1,CG02,1
3181,Juvenile,23.8,low,3.5381325,1,CG01,0
3181,Juvenile,23.8,low,3.5381325,6,CG05,0
3181,Juvenile,23.8,low,3.5381325,6,CG04,0
3181,Juvenile,23.8,low,3.5381325,6,CG03,1
3181,Juvenile,23.8,low,3.5381325,6,CG02,0
3181,Juvenile,23.8,low,3.5381325,6,CG01,0
3181,Juvenile,23.8,low,3.5381325,9,CG05,0
3181,Juvenile,23.8,low,3.5381325,9,CG04,0
3181,Juvenile,23.8,low,3.5381325,9,CG03,0
3181,Juvenile,23.8,low,3.5381325,9,CG02,1
3181,Juvenile,23.8,low,3.5381325,9,CG01,0
3181,Juvenile,23.8,low,3.5381325,12,CG05,0
3181,Juvenile,23.8,low,3.5381325,12,CG04,0
3181,Juvenile,23.8,low,3.5381325,12,CG03,1
3181,Juvenile,23.8,low,3.5381325,12,CG02,0
3181,Juvenile,23.8,low,3.5381325,12,CG01,0
3181,Juvenile,23.8,low,3.5381325,14,CG05,0
3181,Juvenile,23.8,low,3.5381325,14,CG04,0
3181,Juvenile,23.8,low,3.5381325,14,CG03,1
3181,Juvenile,23.8,low,3.5381325,14,CG02,0
3181,Juvenile,23.8,low,3.5381325,14,CG01,0
3182,Female,23.6,low,5.0547405,0,CG05,0
3182,Female,23.6,low,5.0547405,0,CG04,0
3182,Female,23.6,low,5.0547405,0,CG03,1
3182,Female,23.6,low,5.0547405,0,CG02,1
3182,Female,23.6,low,5.0547405,0,CG01,NA
3182,Female,23.6,low,5.0547405,0.25,CG05,0
3182,Female,23.6,low,5.0547405,0.25,CG04,0
3182,Female,23.6,low,5.0547405,0.25,CG03,0
3182,Female,23.6,low,5.0547405,0.25,CG02,1
3182,Female,23.6,low,5.0547405,0.25,CG01,0
3182,Female,23.6,low,5.0547405,1,CG05,0
3182,Female,23.6,low,5.0547405,1,CG04,0
3182,Female,23.6,low,5.0547405,1,CG03,0
3182,Female,23.6,low,5.0547405,1,CG02,0
3182,Female,23.6,low,5.0547405,1,CG01,0
3182,Female,23.6,low,5.0547405,6,CG05,NA
3182,Female,23.6,low,5.0547405,6,CG04,NA
3182,Female,23.6,low,5.0547405,6,CG03,NA
3182,Female,23.6,low,5.0547405,6,CG02,NA
3182,Female,23.6,low,5.0547405,6,CG01,NA
3182,Female,23.6,low,5.0547405,9,CG05,0
3182,Female,23.6,low,5.0547405,9,CG04,0
3182,Female,23.6,low,5.0547405,9,CG03,0
3182,Female,23.6,low,5.0547405,9,CG02,1
3182,Female,23.6,low,5.0547405,9,CG01,1
3182,Female,23.6,low,5.0547405,12,CG05,0
3182,Female,23.6,low,5.0547405,12,CG04,0
3182,Female,23.6,low,5.0547405,12,CG03,1
3182,Female,23.6,low,5.0547405,12,CG02,1
3182,Female,23.6,low,5.0547405,12,CG01,1
3182,Female,23.6,low,5.0547405,14,CG05,0
3182,Female,23.6,low,5.0547405,14,CG04,0
3182,Female,23.6,low,5.0547405,14,CG03,0
3182,Female,23.6,low,5.0547405,14,CG02,1
3182,Female,23.6,low,5.0547405,14,CG01,1
3184,Female,22.7,high,1.027567,0,CG05,0
3184,Female,22.7,high,1.027567,0,CG04,0
3184,Female,22.7,high,1.027567,0,CG03,0
3184,Female,22.7,high,1.027567,0,CG02,1
3184,Female,22.7,high,1.027567,0,CG01,1
3184,Female,22.7,high,1.027567,0.25,CG05,0
3184,Female,22.7,high,1.027567,0.25,CG04,0
3184,Female,22.7,high,1.027567,0.25,CG03,1
3184,Female,22.7,high,1.027567,0.25,CG02,1
3184,Female,22.7,high,1.027567,0.25,CG01,0
3184,Female,22.7,high,1.027567,1,CG05,NA
3184,Female,22.7,high,1.027567,1,CG04,NA
3184,Female,22.7,high,1.027567,1,CG03,1
3184,Female,22.7,high,1.027567,1,CG02,1
3184,Female,22.7,high,1.027567,1,CG01,0
3184,Female,22.7,high,1.027567,6,CG05,0
3184,Female,22.7,high,1.027567,6,CG04,0
3184,Female,22.7,high,1.027567,6,CG03,1
3184,Female,22.7,high,1.027567,6,CG02,1
3184,Female,22.7,high,1.027567,6,CG01,NA
3184,Female,22.7,high,1.027567,9,CG05,NA
3184,Female,22.7,high,1.027567,9,CG04,NA
3184,Female,22.7,high,1.027567,9,CG03,NA
3184,Female,22.7,high,1.027567,9,CG02,NA
3184,Female,22.7,high,1.027567,9,CG01,NA
3184,Female,22.7,high,1.027567,12,CG05,0
3184,Female,22.7,high,1.027567,12,CG04,0
3184,Female,22.7,high,1.027567,12,CG03,0
3184,Female,22.7,high,1.027567,12,CG02,0
3184,Female,22.7,high,1.027567,12,CG01,0
3184,Female,22.7,high,1.027567,14,CG05,0
3184,Female,22.7,high,1.027567,14,CG04,0
3184,Female,22.7,high,1.027567,14,CG03,0
3184,Female,22.7,high,1.027567,14,CG02,1
3184,Female,22.7,high,1.027567,14,CG01,1
3186,Female,21.4,low,3.1273845,0,CG05,0
3186,Female,21.4,low,3.1273845,0,CG04,0
3186,Female,21.4,low,3.1273845,0,CG03,1
3186,Female,21.4,low,3.1273845,0,CG02,1
3186,Female,21.4,low,3.1273845,0,CG01,0
3186,Female,21.4,low,3.1273845,0.25,CG05,0
3186,Female,21.4,low,3.1273845,0.25,CG04,1
3186,Female,21.4,low,3.1273845,0.25,CG03,1
3186,Female,21.4,low,3.1273845,0.25,CG02,1
3186,Female,21.4,low,3.1273845,0.25,CG01,1
3186,Female,21.4,low,3.1273845,1,CG05,0
3186,Female,21.4,low,3.1273845,1,CG04,0
3186,Female,21.4,low,3.1273845,1,CG03,0
3186,Female,21.4,low,3.1273845,1,CG02,1
3186,Female,21.4,low,3.1273845,1,CG01,0
3186,Female,21.4,low,3.1273845,6,CG05,0
3186,Female,21.4,low,3.1273845,6,CG04,0
3186,Female,21.4,low,3.1273845,6,CG03,1
3186,Female,21.4,low,3.1273845,6,CG02,1
3186,Female,21.4,low,3.1273845,6,CG01,0
3186,Female,21.4,low,3.1273845,9,CG05,0
3186,Female,21.4,low,3.1273845,9,CG04,0
3186,Female,21.4,low,3.1273845,9,CG03,1
3186,Female,21.4,low,3.1273845,9,CG02,1
3186,Female,21.4,low,3.1273845,9,CG01,0
3186,Female,21.4,low,3.1273845,12,CG05,0
3186,Female,21.4,low,3.1273845,12,CG04,0
3186,Female,21.4,low,3.1273845,12,CG03,1
3186,Female,21.4,low,3.1273845,12,CG02,1
3186,Female,21.4,low,3.1273845,12,CG01,0
3186,Female,21.4,low,3.1273845,14,CG05,0
3186,Female,21.4,low,3.1273845,14,CG04,0
3186,Female,21.4,low,3.1273845,14,CG03,0
3186,Female,21.4,low,3.1273845,14,CG02,0
3186,Female,21.4,low,3.1273845,14,CG01,0
3187,Male,24.8,low,4.1331905,0,CG05,0
3187,Male,24.8,low,4.1331905,0,CG04,0
3187,Male,24.8,low,4.1331905,0,CG03,1
3187,Male,24.8,low,4.1331905,0,CG02,1
3187,Male,24.8,low,4.1331905,0,CG01,1
3187,Male,24.8,low,4.1331905,0.25,CG05,NA
3187,Male,24.8,low,4.1331905,0.25,CG04,NA
3187,Male,24.8,low,4.1331905,0.25,CG03,NA
3187,Male,24.8,low,4.1331905,0.25,CG02,NA
3187,Male,24.8,low,4.1331905,0.25,CG01,NA
3187,Male,24.8,low,4.1331905,1,CG05,NA
3187,Male,24.8,low,4.1331905,1,CG04,0
3187,Male,24.8,low,4.1331905,1,CG03,0
3187,Male,24.8,low,4.1331905,1,CG02,0
3187,Male,24.8,low,4.1331905,1,CG01,0
3187,Male,24.8,low,4.1331905,6,CG05,0
3187,Male,24.8,low,4.1331905,6,CG04,0
3187,Male,24.8,low,4.1331905,6,CG03,1
3187,Male,24.8,low,4.1331905,6,CG02,1
3187,Male,24.8,low,4.1331905,6,CG01,1
3187,Male,24.8,low,4.1331905,9,CG05,0
3187,Male,24.8,low,4.1331905,9,CG04,0
3187,Male,24.8,low,4.1331905,9,CG03,1
3187,Male,24.8,low,4.1331905,9,CG02,0
3187,Male,24.8,low,4.1331905,9,CG01,1
3187,Male,24.8,low,4.1331905,12,CG05,0
3187,Male,24.8,low,4.1331905,12,CG04,0
3187,Male,24.8,low,4.1331905,12,CG03,1
3187,Male,24.8,low,4.1331905,12,CG02,1
3187,Male,24.8,low,4.1331905,12,CG01,0
3187,Male,24.8,low,4.1331905,14,CG05,0
3187,Male,24.8,low,4.1331905,14,CG04,0
3187,Male,24.8,low,4.1331905,14,CG03,1
3187,Male,24.8,low,4.1331905,14,CG02,0
3187,Male,24.8,low,4.1331905,14,CG01,0
3188,Juvenile,19.9,low,4.726932,0,CG05,NA
3188,Juvenile,19.9,low,4.726932,0,CG04,NA
3188,Juvenile,19.9,low,4.726932,0,CG03,NA
3188,Juvenile,19.9,low,4.726932,0,CG02,NA
3188,Juvenile,19.9,low,4.726932,0,CG01,NA
3188,Juvenile,19.9,low,4.726932,0.25,CG05,NA
3188,Juvenile,19.9,low,4.726932,0.25,CG04,NA
3188,Juvenile,19.9,low,4.726932,0.25,CG03,NA
3188,Juvenile,19.9,low,4.726932,0.25,CG02,NA
3188,Juvenile,19.9,low,4.726932,0.25,CG01,NA
3188,Juvenile,19.9,low,4.726932,1,CG05,NA
3188,Juvenile,19.9,low,4.726932,1,CG04,NA
3188,Juvenile,19.9,low,4.726932,1,CG03,NA
3188,Juvenile,19.9,low,4.726932,1,CG02,NA
3188,Juvenile,19.9,low,4.726932,1,CG01,NA
3188,Juvenile,19.9,low,4.726932,6,CG05,NA
3188,Juvenile,19.9,low,4.726932,6,CG04,NA
3188,Juvenile,19.9,low,4.726932,6,CG03,NA
3188,Juvenile,19.9,low,4.726932,6,CG02,NA
3188,Juvenile,19.9,low,4.726932,6,CG01,NA
3188,Juvenile,19.9,low,4.726932,9,CG05,NA
3188,Juvenile,19.9,low,4.726932,9,CG04,NA
3188,Juvenile,19.9,low,4.726932,9,CG03,NA
3188,Juvenile,19.9,low,4.726932,9,CG02,NA
3188,Juvenile,19.9,low,4.726932,9,CG01,NA
3188,Juvenile,19.9,low,4.726932,12,CG05,0
3188,Juvenile,19.9,low,4.726932,12,CG04,0
3188,Juvenile,19.9,low,4.726932,12,CG03,1
3188,Juvenile,19.9,low,4.726932,12,CG02,1
3188,Juvenile,19.9,low,4.726932,12,CG01,0
3188,Juvenile,19.9,low,4.726932,14,CG05,NA
3188,Juvenile,19.9,low,4.726932,14,CG04,NA
3188,Juvenile,19.9,low,4.726932,14,CG03,NA
3188,Juvenile,19.9,low,4.726932,14,CG02,NA
3188,Juvenile,19.9,low,4.726932,14,CG01,NA
3190,Male,24,high,3.6276545,0,CG05,0
3190,Male,24,high,3.6276545,0,CG04,0
3190,Male,24,high,3.6276545,0,CG03,1
3190,Male,24,high,3.6276545,0,CG02,1
3190,Male,24,high,3.6276545,0,CG01,0
3190,Male,24,high,3.6276545,0.25,CG05,0
3190,Male,24,high,3.6276545,0.25,CG04,0
3190,Male,24,high,3.6276545,0.25,CG03,0
3190,Male,24,high,3.6276545,0.25,CG02,1
3190,Male,24,high,3.6276545,0.25,CG01,1
3190,Male,24,high,3.6276545,1,CG05,0
3190,Male,24,high,3.6276545,1,CG04,0
3190,Male,24,high,3.6276545,1,CG03,1
3190,Male,24,high,3.6276545,1,CG02,1
3190,Male,24,high,3.6276545,1,CG01,0
3190,Male,24,high,3.6276545,6,CG05,NA
3190,Male,24,high,3.6276545,6,CG04,NA
3190,Male,24,high,3.6276545,6,CG03,NA
3190,Male,24,high,3.6276545,6,CG02,NA
3190,Male,24,high,3.6276545,6,CG01,NA
3190,Male,24,high,3.6276545,9,CG05,0
3190,Male,24,high,3.6276545,9,CG04,0
3190,Male,24,high,3.6276545,9,CG03,1
3190,Male,24,high,3.6276545,9,CG02,1
3190,Male,24,high,3.6276545,9,CG01,0
3190,Male,24,high,3.6276545,12,CG05,0
3190,Male,24,high,3.6276545,12,CG04,0
3190,Male,24,high,3.6276545,12,CG03,0
3190,Male,24,high,3.6276545,12,CG02,1
3190,Male,24,high,3.6276545,12,CG01,0
3190,Male,24,high,3.6276545,14,CG05,0
3190,Male,24,high,3.6276545,14,CG04,0
3190,Male,24,high,3.6276545,14,CG03,0
3190,Male,24,high,3.6276545,14,CG02,0
3190,Male,24,high,3.6276545,14,CG01,1
3191,Male,22.1,high,2.1505415,0,CG05,0
3191,Male,22.1,high,2.1505415,0,CG04,0
3191,Male,22.1,high,2.1505415,0,CG03,1
3191,Male,22.1,high,2.1505415,0,CG02,1
3191,Male,22.1,high,2.1505415,0,CG01,0
3191,Male,22.1,high,2.1505415,0.25,CG05,0
3191,Male,22.1,high,2.1505415,0.25,CG04,0
3191,Male,22.1,high,2.1505415,0.25,CG03,1
3191,Male,22.1,high,2.1505415,0.25,CG02,1
3191,Male,22.1,high,2.1505415,0.25,CG01,1
3191,Male,22.1,high,2.1505415,1,CG05,0
3191,Male,22.1,high,2.1505415,1,CG04,0
3191,Male,22.1,high,2.1505415,1,CG03,1
3191,Male,22.1,high,2.1505415,1,CG02,1
3191,Male,22.1,high,2.1505415,1,CG01,0
3191,Male,22.1,high,2.1505415,6,CG05,0
3191,Male,22.1,high,2.1505415,6,CG04,0
3191,Male,22.1,high,2.1505415,6,CG03,0
3191,Male,22.1,high,2.1505415,6,CG02,1
3191,Male,22.1,high,2.1505415,6,CG01,0
3191,Male,22.1,high,2.1505415,9,CG05,NA
3191,Male,22.1,high,2.1505415,9,CG04,NA
3191,Male,22.1,high,2.1505415,9,CG03,NA
3191,Male,22.1,high,2.1505415,9,CG02,NA
3191,Male,22.1,high,2.1505415,9,CG01,NA
3191,Male,22.1,high,2.1505415,12,CG05,0
3191,Male,22.1,high,2.1505415,12,CG04,0
3191,Male,22.1,high,2.1505415,12,CG03,1
3191,Male,22.1,high,2.1505415,12,CG02,1
3191,Male,22.1,high,2.1505415,12,CG01,1
3191,Male,22.1,high,2.1505415,14,CG05,0
3191,Male,22.1,high,2.1505415,14,CG04,0
3191,Male,22.1,high,2.1505415,14,CG03,0
3191,Male,22.1,high,2.1505415,14,CG02,0
3191,Male,22.1,high,2.1505415,14,CG01,1
3192,Female,21.1,low,3.4881055,0,CG05,0
3192,Female,21.1,low,3.4881055,0,CG04,0
3192,Female,21.1,low,3.4881055,0,CG03,1
3192,Female,21.1,low,3.4881055,0,CG02,1
3192,Female,21.1,low,3.4881055,0,CG01,1
3192,Female,21.1,low,3.4881055,0.25,CG05,1
3192,Female,21.1,low,3.4881055,0.25,CG04,0
3192,Female,21.1,low,3.4881055,0.25,CG03,0
3192,Female,21.1,low,3.4881055,0.25,CG02,0
3192,Female,21.1,low,3.4881055,0.25,CG01,0
3192,Female,21.1,low,3.4881055,1,CG05,0
3192,Female,21.1,low,3.4881055,1,CG04,0
3192,Female,21.1,low,3.4881055,1,CG03,0
3192,Female,21.1,low,3.4881055,1,CG02,1
3192,Female,21.1,low,3.4881055,1,CG01,1
3192,Female,21.1,low,3.4881055,6,CG05,0
3192,Female,21.1,low,3.4881055,6,CG04,0
3192,Female,21.1,low,3.4881055,6,CG03,1
3192,Female,21.1,low,3.4881055,6,CG02,1
3192,Female,21.1,low,3.4881055,6,CG01,0
3192,Female,21.1,low,3.4881055,9,CG05,0
3192,Female,21.1,low,3.4881055,9,CG04,0
3192,Female,21.1,low,3.4881055,9,CG03,0
3192,Female,21.1,low,3.4881055,9,CG02,0
3192,Female,21.1,low,3.4881055,9,CG01,1
3192,Female,21.1,low,3.4881055,12,CG05,0
3192,Female,21.1,low,3.4881055,12,CG04,0
3192,Female,21.1,low,3.4881055,12,CG03,1
3192,Female,21.1,low,3.4881055,12,CG02,0
3192,Female,21.1,low,3.4881055,12,CG01,1
3192,Female,21.1,low,3.4881055,14,CG05,0
3192,Female,21.1,low,3.4881055,14,CG04,0
3192,Female,21.1,low,3.4881055,14,CG03,1
3192,Female,21.1,low,3.4881055,14,CG02,0
3192,Female,21.1,low,3.4881055,14,CG01,0
